-- MySQL dump 10.13  Distrib 8.0.44, for Linux (x86_64)
--
-- Host: localhost    Database: OnlineShopDb
-- ------------------------------------------------------
-- Server version	8.0.44-0ubuntu0.24.04.2

/*!40101 SET @OLD_CHARACTER_SET_CLIENT=@@CHARACTER_SET_CLIENT */;
/*!40101 SET @OLD_CHARACTER_SET_RESULTS=@@CHARACTER_SET_RESULTS */;
/*!40101 SET @OLD_COLLATION_CONNECTION=@@COLLATION_CONNECTION */;
/*!50503 SET NAMES utf8mb4 */;
/*!40103 SET @OLD_TIME_ZONE=@@TIME_ZONE */;
/*!40103 SET TIME_ZONE='+00:00' */;
/*!40014 SET @OLD_UNIQUE_CHECKS=@@UNIQUE_CHECKS, UNIQUE_CHECKS=0 */;
/*!40014 SET @OLD_FOREIGN_KEY_CHECKS=@@FOREIGN_KEY_CHECKS, FOREIGN_KEY_CHECKS=0 */;
/*!40101 SET @OLD_SQL_MODE=@@SQL_MODE, SQL_MODE='NO_AUTO_VALUE_ON_ZERO' */;
/*!40111 SET @OLD_SQL_NOTES=@@SQL_NOTES, SQL_NOTES=0 */;

--
-- Table structure for table `AspNetRoleClaims`
--

DROP TABLE IF EXISTS `AspNetRoleClaims`;
/*!40101 SET @saved_cs_client     = @@character_set_client */;
/*!50503 SET character_set_client = utf8mb4 */;
CREATE TABLE `AspNetRoleClaims` (
  `Id` int NOT NULL AUTO_INCREMENT,
  `RoleId` varchar(255) CHARACTER SET utf8mb4 COLLATE utf8mb4_0900_ai_ci NOT NULL,
  `ClaimType` longtext CHARACTER SET utf8mb4 COLLATE utf8mb4_0900_ai_ci,
  `ClaimValue` longtext CHARACTER SET utf8mb4 COLLATE utf8mb4_0900_ai_ci,
  PRIMARY KEY (`Id`),
  KEY `IX_AspNetRoleClaims_RoleId` (`RoleId`),
  CONSTRAINT `FK_AspNetRoleClaims_AspNetRoles_RoleId` FOREIGN KEY (`RoleId`) REFERENCES `AspNetRoles` (`Id`) ON DELETE CASCADE
) ENGINE=InnoDB DEFAULT CHARSET=utf8mb4 COLLATE=utf8mb4_0900_ai_ci;
/*!40101 SET character_set_client = @saved_cs_client */;

--
-- Dumping data for table `AspNetRoleClaims`
--

LOCK TABLES `AspNetRoleClaims` WRITE;
/*!40000 ALTER TABLE `AspNetRoleClaims` DISABLE KEYS */;
/*!40000 ALTER TABLE `AspNetRoleClaims` ENABLE KEYS */;
UNLOCK TABLES;

--
-- Table structure for table `AspNetRoles`
--

DROP TABLE IF EXISTS `AspNetRoles`;
/*!40101 SET @saved_cs_client     = @@character_set_client */;
/*!50503 SET character_set_client = utf8mb4 */;
CREATE TABLE `AspNetRoles` (
  `Id` varchar(255) CHARACTER SET utf8mb4 COLLATE utf8mb4_0900_ai_ci NOT NULL,
  `Name` varchar(256) CHARACTER SET utf8mb4 COLLATE utf8mb4_0900_ai_ci DEFAULT NULL,
  `NormalizedName` varchar(256) CHARACTER SET utf8mb4 COLLATE utf8mb4_0900_ai_ci DEFAULT NULL,
  `ConcurrencyStamp` longtext CHARACTER SET utf8mb4 COLLATE utf8mb4_0900_ai_ci,
  PRIMARY KEY (`Id`),
  UNIQUE KEY `RoleNameIndex` (`NormalizedName`)
) ENGINE=InnoDB DEFAULT CHARSET=utf8mb4 COLLATE=utf8mb4_0900_ai_ci;
/*!40101 SET character_set_client = @saved_cs_client */;

--
-- Dumping data for table `AspNetRoles`
--

LOCK TABLES `AspNetRoles` WRITE;
/*!40000 ALTER TABLE `AspNetRoles` DISABLE KEYS */;
INSERT INTO `AspNetRoles` VALUES ('06ec96ba-4bc8-42e8-a74c-7cf9170db4fd','User','USER',NULL),('0c4af24d-4844-462e-85d0-e09514d31e72','Collaborator','COLLABORATOR',NULL),('550ff4fb-40e1-48eb-914f-1808db94c026','Admin','ADMIN',NULL);
/*!40000 ALTER TABLE `AspNetRoles` ENABLE KEYS */;
UNLOCK TABLES;

--
-- Table structure for table `AspNetUserClaims`
--

DROP TABLE IF EXISTS `AspNetUserClaims`;
/*!40101 SET @saved_cs_client     = @@character_set_client */;
/*!50503 SET character_set_client = utf8mb4 */;
CREATE TABLE `AspNetUserClaims` (
  `Id` int NOT NULL AUTO_INCREMENT,
  `UserId` varchar(255) CHARACTER SET utf8mb4 COLLATE utf8mb4_0900_ai_ci NOT NULL,
  `ClaimType` longtext CHARACTER SET utf8mb4 COLLATE utf8mb4_0900_ai_ci,
  `ClaimValue` longtext CHARACTER SET utf8mb4 COLLATE utf8mb4_0900_ai_ci,
  PRIMARY KEY (`Id`),
  KEY `IX_AspNetUserClaims_UserId` (`UserId`),
  CONSTRAINT `FK_AspNetUserClaims_AspNetUsers_UserId` FOREIGN KEY (`UserId`) REFERENCES `AspNetUsers` (`Id`) ON DELETE CASCADE
) ENGINE=InnoDB DEFAULT CHARSET=utf8mb4 COLLATE=utf8mb4_0900_ai_ci;
/*!40101 SET character_set_client = @saved_cs_client */;

--
-- Dumping data for table `AspNetUserClaims`
--

LOCK TABLES `AspNetUserClaims` WRITE;
/*!40000 ALTER TABLE `AspNetUserClaims` DISABLE KEYS */;
/*!40000 ALTER TABLE `AspNetUserClaims` ENABLE KEYS */;
UNLOCK TABLES;

--
-- Table structure for table `AspNetUserLogins`
--

DROP TABLE IF EXISTS `AspNetUserLogins`;
/*!40101 SET @saved_cs_client     = @@character_set_client */;
/*!50503 SET character_set_client = utf8mb4 */;
CREATE TABLE `AspNetUserLogins` (
  `LoginProvider` varchar(255) CHARACTER SET utf8mb4 COLLATE utf8mb4_0900_ai_ci NOT NULL,
  `ProviderKey` varchar(255) CHARACTER SET utf8mb4 COLLATE utf8mb4_0900_ai_ci NOT NULL,
  `ProviderDisplayName` longtext CHARACTER SET utf8mb4 COLLATE utf8mb4_0900_ai_ci,
  `UserId` varchar(255) CHARACTER SET utf8mb4 COLLATE utf8mb4_0900_ai_ci NOT NULL,
  PRIMARY KEY (`LoginProvider`,`ProviderKey`),
  KEY `IX_AspNetUserLogins_UserId` (`UserId`),
  CONSTRAINT `FK_AspNetUserLogins_AspNetUsers_UserId` FOREIGN KEY (`UserId`) REFERENCES `AspNetUsers` (`Id`) ON DELETE CASCADE
) ENGINE=InnoDB DEFAULT CHARSET=utf8mb4 COLLATE=utf8mb4_0900_ai_ci;
/*!40101 SET character_set_client = @saved_cs_client */;

--
-- Dumping data for table `AspNetUserLogins`
--

LOCK TABLES `AspNetUserLogins` WRITE;
/*!40000 ALTER TABLE `AspNetUserLogins` DISABLE KEYS */;
/*!40000 ALTER TABLE `AspNetUserLogins` ENABLE KEYS */;
UNLOCK TABLES;

--
-- Table structure for table `AspNetUserRoles`
--

DROP TABLE IF EXISTS `AspNetUserRoles`;
/*!40101 SET @saved_cs_client     = @@character_set_client */;
/*!50503 SET character_set_client = utf8mb4 */;
CREATE TABLE `AspNetUserRoles` (
  `UserId` varchar(255) CHARACTER SET utf8mb4 COLLATE utf8mb4_0900_ai_ci NOT NULL,
  `RoleId` varchar(255) CHARACTER SET utf8mb4 COLLATE utf8mb4_0900_ai_ci NOT NULL,
  PRIMARY KEY (`UserId`,`RoleId`),
  KEY `IX_AspNetUserRoles_RoleId` (`RoleId`),
  CONSTRAINT `FK_AspNetUserRoles_AspNetRoles_RoleId` FOREIGN KEY (`RoleId`) REFERENCES `AspNetRoles` (`Id`) ON DELETE CASCADE,
  CONSTRAINT `FK_AspNetUserRoles_AspNetUsers_UserId` FOREIGN KEY (`UserId`) REFERENCES `AspNetUsers` (`Id`) ON DELETE CASCADE
) ENGINE=InnoDB DEFAULT CHARSET=utf8mb4 COLLATE=utf8mb4_0900_ai_ci;
/*!40101 SET character_set_client = @saved_cs_client */;

--
-- Dumping data for table `AspNetUserRoles`
--

LOCK TABLES `AspNetUserRoles` WRITE;
/*!40000 ALTER TABLE `AspNetUserRoles` DISABLE KEYS */;
INSERT INTO `AspNetUserRoles` VALUES ('b08205c6-0c92-42c0-8e81-f43c5dd1cad8','06ec96ba-4bc8-42e8-a74c-7cf9170db4fd'),('e3f3dd4c-7dd7-4946-ba04-617b4ae8af65','0c4af24d-4844-462e-85d0-e09514d31e72'),('76ee673c-7371-439c-9304-0562a90d31ac','550ff4fb-40e1-48eb-914f-1808db94c026');
/*!40000 ALTER TABLE `AspNetUserRoles` ENABLE KEYS */;
UNLOCK TABLES;

--
-- Table structure for table `AspNetUserTokens`
--

DROP TABLE IF EXISTS `AspNetUserTokens`;
/*!40101 SET @saved_cs_client     = @@character_set_client */;
/*!50503 SET character_set_client = utf8mb4 */;
CREATE TABLE `AspNetUserTokens` (
  `UserId` varchar(255) CHARACTER SET utf8mb4 COLLATE utf8mb4_0900_ai_ci NOT NULL,
  `LoginProvider` varchar(255) CHARACTER SET utf8mb4 COLLATE utf8mb4_0900_ai_ci NOT NULL,
  `Name` varchar(255) CHARACTER SET utf8mb4 COLLATE utf8mb4_0900_ai_ci NOT NULL,
  `Value` longtext CHARACTER SET utf8mb4 COLLATE utf8mb4_0900_ai_ci,
  PRIMARY KEY (`UserId`,`LoginProvider`,`Name`),
  CONSTRAINT `FK_AspNetUserTokens_AspNetUsers_UserId` FOREIGN KEY (`UserId`) REFERENCES `AspNetUsers` (`Id`) ON DELETE CASCADE
) ENGINE=InnoDB DEFAULT CHARSET=utf8mb4 COLLATE=utf8mb4_0900_ai_ci;
/*!40101 SET character_set_client = @saved_cs_client */;

--
-- Dumping data for table `AspNetUserTokens`
--

LOCK TABLES `AspNetUserTokens` WRITE;
/*!40000 ALTER TABLE `AspNetUserTokens` DISABLE KEYS */;
/*!40000 ALTER TABLE `AspNetUserTokens` ENABLE KEYS */;
UNLOCK TABLES;

--
-- Table structure for table `AspNetUsers`
--

DROP TABLE IF EXISTS `AspNetUsers`;
/*!40101 SET @saved_cs_client     = @@character_set_client */;
/*!50503 SET character_set_client = utf8mb4 */;
CREATE TABLE `AspNetUsers` (
  `Id` varchar(255) CHARACTER SET utf8mb4 COLLATE utf8mb4_0900_ai_ci NOT NULL,
  `FirstName` varchar(100) CHARACTER SET utf8mb4 COLLATE utf8mb4_0900_ai_ci DEFAULT NULL,
  `LastName` varchar(100) CHARACTER SET utf8mb4 COLLATE utf8mb4_0900_ai_ci DEFAULT NULL,
  `CreatedAt` datetime(6) NOT NULL,
  `UserName` varchar(256) CHARACTER SET utf8mb4 COLLATE utf8mb4_0900_ai_ci DEFAULT NULL,
  `NormalizedUserName` varchar(256) CHARACTER SET utf8mb4 COLLATE utf8mb4_0900_ai_ci DEFAULT NULL,
  `Email` varchar(256) CHARACTER SET utf8mb4 COLLATE utf8mb4_0900_ai_ci DEFAULT NULL,
  `NormalizedEmail` varchar(256) CHARACTER SET utf8mb4 COLLATE utf8mb4_0900_ai_ci DEFAULT NULL,
  `EmailConfirmed` tinyint(1) NOT NULL,
  `PasswordHash` longtext CHARACTER SET utf8mb4 COLLATE utf8mb4_0900_ai_ci,
  `SecurityStamp` longtext CHARACTER SET utf8mb4 COLLATE utf8mb4_0900_ai_ci,
  `ConcurrencyStamp` longtext CHARACTER SET utf8mb4 COLLATE utf8mb4_0900_ai_ci,
  `PhoneNumber` longtext CHARACTER SET utf8mb4 COLLATE utf8mb4_0900_ai_ci,
  `PhoneNumberConfirmed` tinyint(1) NOT NULL,
  `TwoFactorEnabled` tinyint(1) NOT NULL,
  `LockoutEnd` datetime(6) DEFAULT NULL,
  `LockoutEnabled` tinyint(1) NOT NULL,
  `AccessFailedCount` int NOT NULL,
  PRIMARY KEY (`Id`),
  UNIQUE KEY `UserNameIndex` (`NormalizedUserName`),
  KEY `EmailIndex` (`NormalizedEmail`)
) ENGINE=InnoDB DEFAULT CHARSET=utf8mb4 COLLATE=utf8mb4_0900_ai_ci;
/*!40101 SET character_set_client = @saved_cs_client */;

--
-- Dumping data for table `AspNetUsers`
--

LOCK TABLES `AspNetUsers` WRITE;
/*!40000 ALTER TABLE `AspNetUsers` DISABLE KEYS */;
INSERT INTO `AspNetUsers` VALUES ('76ee673c-7371-439c-9304-0562a90d31ac','Admin','Shop','2026-01-07 02:16:29.782382','admin@onlineshop.com','ADMIN@ONLINESHOP.COM','admin@onlineshop.com','ADMIN@ONLINESHOP.COM',0,'AQAAAAIAAYagAAAAEI8x+fRfP5/8tKPhzgQuiat08iJdMVW66vm5QKrEMtkg0DWZ3oLm9fPYBDIPO4EL+g==','MBOEPQMXIHQT2JFHQJWODHJ6B5QSGCBY','955a0a4f-7114-4eb2-99dd-d8d5a782d8cc',NULL,0,0,NULL,1,0),('b08205c6-0c92-42c0-8e81-f43c5dd1cad8','Ion','Popescu','2026-01-07 02:16:30.089711','user@onlineshop.com','USER@ONLINESHOP.COM','user@onlineshop.com','USER@ONLINESHOP.COM',0,'AQAAAAIAAYagAAAAEEdt733cD5kPv7zO2042O38FwJyLtj/jSmzuGfyRItzu63iClrAHEx/yA6u0J57FZA==','NONTLDDBOTFPL6G6JTXBKTUQ2STFVQNU','e4695b92-b796-4639-983c-1c17f354f474',NULL,0,0,NULL,1,0),('e3f3dd4c-7dd7-4946-ba04-617b4ae8af65','Collab','Orator','2026-01-07 02:16:29.997475','colaborator@onlineshop.com','COLABORATOR@ONLINESHOP.COM','colaborator@onlineshop.com','COLABORATOR@ONLINESHOP.COM',0,'AQAAAAIAAYagAAAAEC9sFL4SCa3apeaiJkQFIHXf2gzyXaPc/IuuGucWNnUmHyRdUKAyOndlYBiyI7NTOg==','4IPLT5IZTVT6AHRFBIU3P3TJBDHVZH5Z','aaadcca3-925e-4619-ba21-d0e9a72be2ce',NULL,0,0,NULL,1,0);
/*!40000 ALTER TABLE `AspNetUsers` ENABLE KEYS */;
UNLOCK TABLES;

--
-- Table structure for table `CartItems`
--

DROP TABLE IF EXISTS `CartItems`;
/*!40101 SET @saved_cs_client     = @@character_set_client */;
/*!50503 SET character_set_client = utf8mb4 */;
CREATE TABLE `CartItems` (
  `Id` int NOT NULL AUTO_INCREMENT,
  `Quantity` int NOT NULL,
  `AddedAt` datetime(6) NOT NULL,
  `UserId` varchar(255) CHARACTER SET utf8mb4 COLLATE utf8mb4_0900_ai_ci NOT NULL,
  `ProductId` int NOT NULL,
  PRIMARY KEY (`Id`),
  UNIQUE KEY `IX_CartItems_UserId_ProductId` (`UserId`,`ProductId`),
  KEY `IX_CartItems_ProductId` (`ProductId`),
  CONSTRAINT `FK_CartItems_AspNetUsers_UserId` FOREIGN KEY (`UserId`) REFERENCES `AspNetUsers` (`Id`) ON DELETE CASCADE,
  CONSTRAINT `FK_CartItems_Products_ProductId` FOREIGN KEY (`ProductId`) REFERENCES `Products` (`Id`) ON DELETE CASCADE
) ENGINE=InnoDB DEFAULT CHARSET=utf8mb4 COLLATE=utf8mb4_0900_ai_ci;
/*!40101 SET character_set_client = @saved_cs_client */;

--
-- Dumping data for table `CartItems`
--

LOCK TABLES `CartItems` WRITE;
/*!40000 ALTER TABLE `CartItems` DISABLE KEYS */;
/*!40000 ALTER TABLE `CartItems` ENABLE KEYS */;
UNLOCK TABLES;

--
-- Table structure for table `Categories`
--

DROP TABLE IF EXISTS `Categories`;
/*!40101 SET @saved_cs_client     = @@character_set_client */;
/*!50503 SET character_set_client = utf8mb4 */;
CREATE TABLE `Categories` (
  `Id` int NOT NULL AUTO_INCREMENT,
  `Name` varchar(100) CHARACTER SET utf8mb4 COLLATE utf8mb4_0900_ai_ci NOT NULL,
  `Description` varchar(500) CHARACTER SET utf8mb4 COLLATE utf8mb4_0900_ai_ci DEFAULT NULL,
  PRIMARY KEY (`Id`),
  UNIQUE KEY `IX_Categories_Name` (`Name`)
) ENGINE=InnoDB AUTO_INCREMENT=11 DEFAULT CHARSET=utf8mb4 COLLATE=utf8mb4_0900_ai_ci;
/*!40101 SET character_set_client = @saved_cs_client */;

--
-- Dumping data for table `Categories`
--

LOCK TABLES `Categories` WRITE;
/*!40000 ALTER TABLE `Categories` DISABLE KEYS */;
INSERT INTO `Categories` VALUES (1,'Electronice','Dispozitive electronice si accesorii'),(2,'Accesorii','Accesorii diverse pentru electronice si electrocasnice'),(3,'Electrocasnice','Aparate pentru uz casnic'),(4,'Imbracaminte','Haine pentru femei si barbati'),(5,'Incaltaminte','Pantofi si adidasi'),(6,'Jucarii','Jucarii pentru copii'),(7,'Sport','Echipamente sportive'),(8,'Birou','Produse pentru birou'),(9,'Frumusete','Produse cosmetice'),(10,'Auto','Accesorii auto');
/*!40000 ALTER TABLE `Categories` ENABLE KEYS */;
UNLOCK TABLES;

--
-- Table structure for table `DeletedSeeds`
--

DROP TABLE IF EXISTS `DeletedSeeds`;
/*!40101 SET @saved_cs_client     = @@character_set_client */;
/*!50503 SET character_set_client = utf8mb4 */;
CREATE TABLE `DeletedSeeds` (
  `Id` int NOT NULL AUTO_INCREMENT,
  `SeedId` varchar(100) CHARACTER SET utf8mb4 COLLATE utf8mb4_0900_ai_ci NOT NULL,
  `DeletedAt` datetime(6) NOT NULL,
  PRIMARY KEY (`Id`)
) ENGINE=InnoDB DEFAULT CHARSET=utf8mb4 COLLATE=utf8mb4_0900_ai_ci;
/*!40101 SET character_set_client = @saved_cs_client */;

--
-- Dumping data for table `DeletedSeeds`
--

LOCK TABLES `DeletedSeeds` WRITE;
/*!40000 ALTER TABLE `DeletedSeeds` DISABLE KEYS */;
/*!40000 ALTER TABLE `DeletedSeeds` ENABLE KEYS */;
UNLOCK TABLES;

--
-- Table structure for table `FAQs`
--

DROP TABLE IF EXISTS `FAQs`;
/*!40101 SET @saved_cs_client     = @@character_set_client */;
/*!50503 SET character_set_client = utf8mb4 */;
CREATE TABLE `FAQs` (
  `Id` int NOT NULL AUTO_INCREMENT,
  `Question` varchar(500) CHARACTER SET utf8mb4 COLLATE utf8mb4_0900_ai_ci NOT NULL,
  `Answer` varchar(1000) CHARACTER SET utf8mb4 COLLATE utf8mb4_0900_ai_ci NOT NULL,
  `TimesAsked` int NOT NULL,
  `CreatedAt` datetime(6) NOT NULL,
  `ProductId` int NOT NULL,
  PRIMARY KEY (`Id`),
  KEY `IX_FAQs_ProductId` (`ProductId`),
  CONSTRAINT `FK_FAQs_Products_ProductId` FOREIGN KEY (`ProductId`) REFERENCES `Products` (`Id`) ON DELETE CASCADE
) ENGINE=InnoDB DEFAULT CHARSET=utf8mb4 COLLATE=utf8mb4_0900_ai_ci;
/*!40101 SET character_set_client = @saved_cs_client */;

--
-- Dumping data for table `FAQs`
--

LOCK TABLES `FAQs` WRITE;
/*!40000 ALTER TABLE `FAQs` DISABLE KEYS */;
/*!40000 ALTER TABLE `FAQs` ENABLE KEYS */;
UNLOCK TABLES;

--
-- Table structure for table `OrderItems`
--

DROP TABLE IF EXISTS `OrderItems`;
/*!40101 SET @saved_cs_client     = @@character_set_client */;
/*!50503 SET character_set_client = utf8mb4 */;
CREATE TABLE `OrderItems` (
  `Id` int NOT NULL AUTO_INCREMENT,
  `Quantity` int NOT NULL,
  `UnitPrice` decimal(18,2) NOT NULL,
  `OrderId` int NOT NULL,
  `ProductId` int NOT NULL,
  PRIMARY KEY (`Id`),
  KEY `IX_OrderItems_OrderId` (`OrderId`),
  KEY `IX_OrderItems_ProductId` (`ProductId`),
  CONSTRAINT `FK_OrderItems_Orders_OrderId` FOREIGN KEY (`OrderId`) REFERENCES `Orders` (`Id`) ON DELETE CASCADE,
  CONSTRAINT `FK_OrderItems_Products_ProductId` FOREIGN KEY (`ProductId`) REFERENCES `Products` (`Id`) ON DELETE RESTRICT
) ENGINE=InnoDB DEFAULT CHARSET=utf8mb4 COLLATE=utf8mb4_0900_ai_ci;
/*!40101 SET character_set_client = @saved_cs_client */;

--
-- Dumping data for table `OrderItems`
--

LOCK TABLES `OrderItems` WRITE;
/*!40000 ALTER TABLE `OrderItems` DISABLE KEYS */;
/*!40000 ALTER TABLE `OrderItems` ENABLE KEYS */;
UNLOCK TABLES;

--
-- Table structure for table `Orders`
--

DROP TABLE IF EXISTS `Orders`;
/*!40101 SET @saved_cs_client     = @@character_set_client */;
/*!50503 SET character_set_client = utf8mb4 */;
CREATE TABLE `Orders` (
  `Id` int NOT NULL AUTO_INCREMENT,
  `OrderDate` datetime(6) NOT NULL,
  `CreatedAt` datetime(6) NOT NULL,
  `UpdatedAt` datetime(6) DEFAULT NULL,
  `Status` longtext CHARACTER SET utf8mb4 COLLATE utf8mb4_0900_ai_ci NOT NULL,
  `TotalAmount` decimal(18,2) NOT NULL,
  `ShippingAddress` varchar(500) CHARACTER SET utf8mb4 COLLATE utf8mb4_0900_ai_ci DEFAULT NULL,
  `UserId` varchar(255) CHARACTER SET utf8mb4 COLLATE utf8mb4_0900_ai_ci NOT NULL,
  PRIMARY KEY (`Id`),
  KEY `IX_Orders_UserId` (`UserId`),
  CONSTRAINT `FK_Orders_AspNetUsers_UserId` FOREIGN KEY (`UserId`) REFERENCES `AspNetUsers` (`Id`) ON DELETE CASCADE
) ENGINE=InnoDB DEFAULT CHARSET=utf8mb4 COLLATE=utf8mb4_0900_ai_ci;
/*!40101 SET character_set_client = @saved_cs_client */;

--
-- Dumping data for table `Orders`
--

LOCK TABLES `Orders` WRITE;
/*!40000 ALTER TABLE `Orders` DISABLE KEYS */;
/*!40000 ALTER TABLE `Orders` ENABLE KEYS */;
UNLOCK TABLES;

--
-- Table structure for table `Products`
--

DROP TABLE IF EXISTS `Products`;
/*!40101 SET @saved_cs_client     = @@character_set_client */;
/*!50503 SET character_set_client = utf8mb4 */;
CREATE TABLE `Products` (
  `Id` int NOT NULL AUTO_INCREMENT,
  `Title` varchar(200) CHARACTER SET utf8mb4 COLLATE utf8mb4_0900_ai_ci NOT NULL,
  `Description` varchar(2000) CHARACTER SET utf8mb4 COLLATE utf8mb4_0900_ai_ci NOT NULL,
  `ImagePath` longtext CHARACTER SET utf8mb4 COLLATE utf8mb4_0900_ai_ci,
  `Price` decimal(18,2) NOT NULL,
  `Stock` int NOT NULL,
  `Rating` decimal(3,2) DEFAULT NULL,
  `Status` int NOT NULL,
  `AdminFeedback` varchar(500) CHARACTER SET utf8mb4 COLLATE utf8mb4_0900_ai_ci DEFAULT NULL,
  `RejectionReason` varchar(500) CHARACTER SET utf8mb4 COLLATE utf8mb4_0900_ai_ci DEFAULT NULL,
  `CreatedAt` datetime(6) NOT NULL,
  `UpdatedAt` datetime(6) DEFAULT NULL,
  `SeedId` varchar(100) CHARACTER SET utf8mb4 COLLATE utf8mb4_0900_ai_ci DEFAULT NULL,
  `CategoryId` int NOT NULL,
  `CreatedByUserId` varchar(255) CHARACTER SET utf8mb4 COLLATE utf8mb4_0900_ai_ci DEFAULT NULL,
  PRIMARY KEY (`Id`),
  KEY `IX_Products_CategoryId` (`CategoryId`),
  KEY `IX_Products_CreatedByUserId` (`CreatedByUserId`),
  CONSTRAINT `FK_Products_AspNetUsers_CreatedByUserId` FOREIGN KEY (`CreatedByUserId`) REFERENCES `AspNetUsers` (`Id`) ON DELETE SET NULL,
  CONSTRAINT `FK_Products_Categories_CategoryId` FOREIGN KEY (`CategoryId`) REFERENCES `Categories` (`Id`) ON DELETE CASCADE
) ENGINE=InnoDB AUTO_INCREMENT=298 DEFAULT CHARSET=utf8mb4 COLLATE=utf8mb4_0900_ai_ci;
/*!40101 SET character_set_client = @saved_cs_client */;

--
-- Dumping data for table `Products`
--

LOCK TABLES `Products` WRITE;
/*!40000 ALTER TABLE `Products` DISABLE KEYS */;
INSERT INTO `Products` VALUES (1,'Telefon mobil Samsung Galaxy A16','Dual SIM, 128GB, 4GB RAM, 4G, Black','https://s13emagst.akamaized.net/products/77658/77657963/images/res_b2f35acf45f245e873c00a0db780dbfe.jpg',550.53,100,NULL,1,NULL,NULL,'2026-01-07 02:16:30.311192',NULL,'phone-samsung-a16-black',1,NULL),(2,'Telefon mobil Samsung Galaxy A36','Dual SIM, 8GB RAM, 256GB, 5G, Awesome Graphite','https://s13emagst.akamaized.net/products/89071/89070979/images/res_e113c383df8cfd84e9836c70be5d21ad.jpg',1269.99,100,NULL,1,NULL,NULL,'2026-01-07 02:16:30.351964',NULL,'phone-samsung-a36-graphite',1,NULL),(3,'Telefon mobil Motorola E15','Dual SIM, 2GB RAM, 64GB, Fresh Lavender','https://s13emagst.akamaized.net/products/93625/93624661/images/res_6ab8af45872b79cd05200017dddf1a86.jpg',299.99,100,NULL,1,NULL,NULL,'2026-01-07 02:16:30.353790',NULL,'phone-motorola-e15-lavender',1,NULL),(4,'Telefon mobil Apple iPhone 15','128GB, 5G, Black','https://s13emagst.akamaized.net/products/60458/60457121/images/res_9e07439d21e460f9570cfe181e6280c2.jpg',3249.99,100,NULL,1,NULL,NULL,'2026-01-07 02:16:30.355008',NULL,'phone-iphone15-black',1,NULL),(5,'Telefon mobil pentru seniori','cu meniul in limba Romana, Stand pentru incarcare, taste mari, buton SOS, Dual SIM, Retea 4G, Baterie 1800 mAh, Functie Apelare Rapida, Usor de folosit pentru varstnici, pensionari si bunici, Lanterna, Diagonala ecran 6.1 cm','https://s13emagst.akamaized.net/products/84884/84883184/images/res_3eaf1c1278820a611548b9397654c266.png',249.99,100,NULL,1,NULL,NULL,'2026-01-07 02:16:30.356027',NULL,'phone-senior-romana-1',1,NULL),(6,'Telefon mobil Nokia 105 (2019)','Dual SIM, Black','https://s13emagst.akamaized.net/products/25681/25680918/images/res_ecd782ea778de612d0fc6e0f34a287b6.jpg',64.99,100,NULL,1,NULL,NULL,'2026-01-07 02:16:30.357457',NULL,'phone-nokia-105-2019',1,NULL),(7,'Telefon mobil Apple iPhone XR','64GB, Black','https://s13emagst.akamaized.net/products/17043/17042909/images/res_beeb2a5b938cd2fc51ad063da79f4321.jpg',1279.99,100,NULL,1,NULL,NULL,'2026-01-07 02:16:30.358789',NULL,'phone-iphone-xr-black',1,NULL),(8,'Telefon mobil Samsung Galaxy A06','64GB, 4GB RAM, 4G, Black','https://s13emagst.akamaized.net/products/76328/76327677/images/res_148c66dfe709c7ed4da365b037dee9ae.png',453.75,100,NULL,1,NULL,NULL,'2026-01-07 02:16:30.359932',NULL,'phone-samsung-a06-64gb',1,NULL),(9,'Telefon mobil pentru seniori','dual SIM, color, taste mari, meniu in limba Romana, buton SOS, Bluetooth, lanterna, radio, negru','https://s13emagst.akamaized.net/products/50806/50805851/images/res_65d5ec35caa79fb4820b8544da0c3a3a.png',180.00,100,NULL,1,NULL,NULL,'2026-01-07 02:16:30.361755',NULL,'phone-senior-color-1',1,NULL),(10,'Telefon mobil Nokia 105 (2017)','Black','https://s13emagst.akamaized.net/products/8435/8434129/images/res_fecb320696df949c7277dd5b37d6487c.jpg',60.00,100,NULL,1,NULL,NULL,'2026-01-07 02:16:30.363150',NULL,'phone-nokia-105-2017',1,NULL),(11,'Telefon mobil Samsung Galaxy A16','Dual SIM, 128GB, 4GB RAM, 4G, Light Green','https://s13emagst.akamaized.net/products/77658/77657961/images/res_6abd801982d1110858a769e6922f610a.jpg',619.56,100,NULL,1,NULL,NULL,'2026-01-07 02:16:30.364303',NULL,'phone-samsung-a16-green',1,NULL),(12,'Telefon mobil pentru seniori','cu meniul in limba Romana, taste mari, buton SOS, micro SIM, retea 4G, Functie Apelare Rapida, Bluetooth, Radio, Camera, Lanterna','https://s13emagst.akamaized.net/products/80989/80988077/images/res_8fa578c970729c85d4d0cfcf6f7c4820.png',237.00,100,NULL,1,NULL,NULL,'2026-01-07 02:16:30.365244',NULL,'phone-senior-4g-micro',1,NULL),(13,'Telefon mobil Xiaomi Redmi Note 14','8GB RAM, 256GB, Midnight Black','https://s13emagst.akamaized.net/products/84223/84222401/images/res_94cdb9d2d0ac21dcf4c389b72332ae0e.jpg',749.99,100,NULL,1,NULL,NULL,'2026-01-07 02:16:30.366204',NULL,'phone-xiaomi-note14-8gb',1,NULL),(14,'Telefon mobil Apple iPhone 16','128GB, 5G, Black','https://s13emagst.akamaized.net/products/76828/76827218/images/res_e74f88f45f2837aeecbaac4974a50afa.jpg',3855.91,100,NULL,1,NULL,NULL,'2026-01-07 02:16:30.367267',NULL,'phone-iphone16-black',1,NULL),(15,'Telefon mobil Samsung Galaxy A17','Dual SIM, 4GB RAM, 128GB, 4G, Black','https://s13emagst.akamaized.net/products/99061/99060695/images/res_ea5f94180fe4e9294b5011b8c7eacb91.jpg',649.99,100,NULL,1,NULL,NULL,'2026-01-07 02:16:30.368343',NULL,'phone-samsung-a17-4gb-black',1,NULL),(16,'Telefon mobil Motorola Edge 60 Fusion','Dual SIM, 12GB RAM, 256GB, 5G, Pantone Amazonite','https://s13emagst.akamaized.net/products/93625/93624660/images/res_99d09507e53a5a308f7389c5934d728a.jpg',1399.99,100,NULL,1,NULL,NULL,'2026-01-07 02:16:30.369299',NULL,'phone-motorola-edge60-fusion',1,NULL),(17,'Telefon mobil iHunt i11','2G, Dual SIM, Bluetooth, 2.8-inch, Camera Foto, Radio FM, Difuzor 2-in-1 Puternic, 1500 mAh, Silver','https://s13emagst.akamaized.net/products/71134/71133110/images/res_9124e8d07ec0bc64ef82fc9d0133fa1b.jpg',99.98,100,NULL,1,NULL,NULL,'2026-01-07 02:16:30.370495',NULL,'phone-ihunt-i11-silver',1,NULL),(18,'Telefon mobil pentru seniori','cu meniul in limba Romana, Stand pentru incarcare, taste mari, buton SOS, micro SIM, retea 4G, Functie Apelare rapida, Lanterna','https://s13emagst.akamaized.net/products/84403/84402770/images/res_e76eb0344d7d0d953d720280a6767e39.png',220.00,100,NULL,1,NULL,NULL,'2026-01-07 02:16:30.371577',NULL,'phone-senior-stand-4g',1,NULL),(19,'Telefon mobil Apple iPhone 16','128GB, 5G, Pink','https://s13emagst.akamaized.net/products/76828/76827220/images/res_41ac93d716ec11baeeb0b5d95ebeb465.jpg',3856.29,100,NULL,1,NULL,NULL,'2026-01-07 02:16:30.372690',NULL,'phone-iphone16-pink',1,NULL),(20,'Telefon mobil Samsung Galaxy S24 Ultra','Dual SIM, 12GB RAM, 256GB, 5G, Titanium Black','https://s13emagst.akamaized.net/products/64817/64816455/images/res_dcae4c4dabb70a9916dffbc724913b11.jpg',4550.00,100,NULL,1,NULL,NULL,'2026-01-07 02:16:30.373831',NULL,'phone-samsung-s24ultra-black',1,NULL),(21,'Telefon mobil Samsung Galaxy A56','Dual SIM, 8GB RAM, 128GB, 5G, Awesome Graphite','https://s13emagst.akamaized.net/products/89071/89070990/images/res_17ed17e93a24daeb8ced5da38bc61a55.jpg',1515.30,100,NULL,1,NULL,NULL,'2026-01-07 02:16:30.375291',NULL,'phone-samsung-a56-128-graphite',1,NULL),(22,'Telefon mobil Samsung Galaxy A26','Dual SIM, 8GB RAM, 256GB, 5G, Black','https://s13emagst.akamaized.net/products/89071/89070968/images/res_647e0214d938cd83d6f5117a7b7bfa02.jpg',1169.48,100,NULL,1,NULL,NULL,'2026-01-07 02:16:30.376708',NULL,'phone-samsung-a26-256-black',1,NULL),(23,'Telefon mobil Samsung Galaxy A17','Dual SIM, 8GB RAM, 256GB, 4G, Black','https://s13emagst.akamaized.net/products/99061/99060695/images/res_ea5f94180fe4e9294b5011b8c7eacb91.jpg',949.00,100,NULL,1,NULL,NULL,'2026-01-07 02:16:30.378275',NULL,'phone-samsung-a17-8gb-black',1,NULL),(24,'Telefon mobil Samsung Galaxy A16','Dual SIM, 128GB, 6GB RAM, 4G, Negru','https://s13emagst.akamaized.net/products/81504/81503600/images/res_9ab2b60d3b31a60b7daf8848aaf980e6.jpg',748.99,100,NULL,1,NULL,NULL,'2026-01-07 02:16:30.379572',NULL,'phone-samsung-a16-6gb-negru',1,NULL),(25,'Telefon mobil Motorola E15','Dual SIM, 2GB RAM, 64GB, Misty Blue','https://s13emagst.akamaized.net/products/93625/93624659/images/res_10a6e4f1aaa627c506802b4913e85bdf.jpg',349.99,100,NULL,1,NULL,NULL,'2026-01-07 02:16:30.380977',NULL,'phone-motorola-e15-blue',1,NULL),(26,'Telefon mobil Samsung Galaxy S24 FE','Dual SIM, 8GB RAM, 128GB, 5G, Graphite','https://s13emagst.akamaized.net/products/77658/77657955/images/res_ff11f356f99b3af89e0e67b5537d3fa6.jpg',2284.50,100,NULL,1,NULL,NULL,'2026-01-07 02:16:30.382685',NULL,'phone-samsung-s24fe-graphite',1,NULL),(27,'Telefon mobil Samsung Galaxy A56','Dual SIM, 8GB RAM, 128GB, 5G, Awesome LightGray','https://s13emagst.akamaized.net/products/89071/89070985/images/res_b0f55b8539f04a66279c7747362a722f.jpg',1513.74,100,NULL,1,NULL,NULL,'2026-01-07 02:16:30.384231',NULL,'phone-samsung-a56-128-lightgray',1,NULL),(28,'Telefon mobil Apple iPhone 16 Pro Max','256GB, 5G, Black Titanium','https://s13emagst.akamaized.net/products/76828/76827265/images/res_1100df91ed470fdd72fe277fcc41f172.jpg',6918.91,100,NULL,1,NULL,NULL,'2026-01-07 02:16:30.385663',NULL,'phone-iphone16promax-black',1,NULL),(29,'Telefon mobil Samsung Galaxy A17','Dual SIM, 4GB RAM, 128GB, 4G, Gray','https://s13emagst.akamaized.net/products/99061/99060694/images/res_867f31f0c5318c90a274ab1bf298289b.jpg',649.99,100,NULL,1,NULL,NULL,'2026-01-07 02:16:30.386904',NULL,'phone-samsung-a17-4gb-gray',1,NULL),(30,'Telefon mobil Apple iPhone 15','128GB, 5G, Blue','https://s13emagst.akamaized.net/products/60458/60457124/images/res_710aa5e925b96dc436201454c55598f8.jpg',3296.50,100,NULL,1,NULL,NULL,'2026-01-07 02:16:30.388074',NULL,'phone-iphone15-blue',1,NULL),(31,'Telefon mobil Samsung Galaxy A06','128GB, 4GB RAM, 4G, Black','https://s13emagst.akamaized.net/products/77214/77213734/images/res_0f1b180a5c762a9c7f90805885e0e15c.jpg',457.38,100,NULL,1,NULL,NULL,'2026-01-07 02:16:30.390060',NULL,'phone-samsung-a06-128gb-4gb',1,NULL),(32,'Telefon mobil Samsung Galaxy A17','Dual SIM, 8GB RAM, 256GB, 4G, Gray','https://s13emagst.akamaized.net/products/99061/99060694/images/res_867f31f0c5318c90a274ab1bf298289b.jpg',899.99,100,NULL,1,NULL,NULL,'2026-01-07 02:16:30.391776',NULL,'phone-samsung-a17-8gb-gray',1,NULL),(33,'Telefon mobil Xiaomi Redmi Note 14','6GB RAM, 128GB, Midnight Black','https://s13emagst.akamaized.net/products/84223/84222401/images/res_94cdb9d2d0ac21dcf4c389b72332ae0e.jpg',728.52,100,NULL,1,NULL,NULL,'2026-01-07 02:16:30.392908',NULL,'phone-xiaomi-note14-6gb',1,NULL),(34,'Telefon mobil Samsung Galaxy S25','Dual SIM, 12GB RAM, 256GB, 5G, Navy','https://s13emagst.akamaized.net/products/84446/84445742/images/res_3ea91debbe31ed9e8d5a667387425cc2.jpg',3748.58,100,NULL,1,NULL,NULL,'2026-01-07 02:16:30.393675',NULL,'phone-samsung-s25-navy',1,NULL),(35,'Telefon mobil Samsung Galaxy A56','Dual SIM, 8GB RAM, 256GB, 5G, Awesome Graphite','https://s13emagst.akamaized.net/products/89071/89070990/images/res_17ed17e93a24daeb8ced5da38bc61a55.jpg',1767.37,100,NULL,1,NULL,NULL,'2026-01-07 02:16:30.394576',NULL,'phone-samsung-a56-256-graphite',1,NULL),(36,'Telefon mobil Maxcom Senior MM428','Dual SIM, Black','https://s13emagst.akamaized.net/products/5844/5843845/images/res_1657c4a02acdaf76f1cd17692e6a470e.jpg',109.99,100,NULL,1,NULL,NULL,'2026-01-07 02:16:30.395469',NULL,'phone-maxcom-mm428',1,NULL),(37,'Telefon mobil Samsung Galaxy S25','Dual SIM, 12GB RAM, 128GB, 5G, Silver Shadow','https://s13emagst.akamaized.net/products/84446/84445748/images/res_81ae3d6632d20b3f01ffb8edea7c73f3.jpg',2989.99,100,NULL,1,NULL,NULL,'2026-01-07 02:16:30.396434',NULL,'phone-samsung-s25-128-silver',1,NULL),(38,'Telefon mobil Apple iPhone 17 Pro Max','512GB, 5G, Cosmic Orange','https://s13emagst.akamaized.net/products/102972/102971604/images/res_8b9a44b3730436c3966b37351d4ba1d2.jpg',9500.00,100,NULL,1,NULL,NULL,'2026-01-07 02:16:30.397480',NULL,'phone-iphone17promax-orange',1,NULL),(39,'Telefon mobil realme 14 Pro 5G','Dual SIM, 256GB, 8GB RAM, Suede Grey','https://s13emagst.akamaized.net/products/105941/105940201/images/res_21387855193beca7e7a9232881e04dd2.jpg',999.99,100,NULL,1,NULL,NULL,'2026-01-07 02:16:30.398334',NULL,'phone-realme-14pro-grey',1,NULL),(40,'Telefon mobil Samsung Galaxy S25','Dual SIM, 12GB RAM, 512GB, 5G, Mint','https://s13emagst.akamaized.net/products/84446/84445745/images/res_b4f3d79522735557b456887b00bf418d.jpg',3599.99,100,NULL,1,NULL,NULL,'2026-01-07 02:16:30.399069',NULL,'phone-samsung-s25-512-mint',1,NULL),(41,'Telefon mobil Samsung Galaxy S25','Dual SIM, 12GB RAM, 256GB, 5G, Mint','https://s13emagst.akamaized.net/products/84446/84445745/images/res_b4f3d79522735557b456887b00bf418d.jpg',3775.01,100,NULL,1,NULL,NULL,'2026-01-07 02:16:30.399860',NULL,'phone-samsung-s25-256-mint',1,NULL),(42,'Telefon mobil Nokia 3310 (2017)','Dual SIM, Dark Blue','https://s13emagst.akamaized.net/products/5788/5787187/images/res_f7eb764947d09b3a9971d9421f2efe27.jpg',170.50,100,NULL,1,NULL,NULL,'2026-01-07 02:16:30.400854',NULL,'phone-nokia-3310-blue',1,NULL),(43,'Telefon mobil Samsung Galaxy A26','Dual SIM, 6GB RAM, 128GB, 5G, Black','https://s13emagst.akamaized.net/products/89071/89070968/images/res_647e0214d938cd83d6f5117a7b7bfa02.jpg',974.70,100,NULL,1,NULL,NULL,'2026-01-07 02:16:30.401907',NULL,'phone-samsung-a26-128-black',1,NULL),(44,'Telefon mobil Apple iPhone 16','128GB, 5G, White','https://s13emagst.akamaized.net/products/76828/76827219/images/res_ffac4e59735d37326f4b1e7cb4e4db47.jpg',3886.10,100,NULL,1,NULL,NULL,'2026-01-07 02:16:30.403073',NULL,'phone-iphone16-white',1,NULL),(45,'Telefon mobil iHunt Senior Comfort','Display 1.77, Dual SIM, GSM, Bluetooth, Camera, Meniu Limba Romana, Taste Mari, Lanterna, Radio FM fara cablu, Baterie 1000mAh, Buton SOS, Sunet Puternic, Negru','https://s13emagst.akamaized.net/products/99204/99203755/images/res_1d1209bfab30c26f74511e1488567f37.jpg',99.98,100,NULL,1,NULL,NULL,'2026-01-07 02:16:30.404117',NULL,'phone-ihunt-senior-comfort',1,NULL),(46,'Telefon mobil Apple iPhone 17 Pro Max','256GB, 5G, Silver','https://s13emagst.akamaized.net/products/102972/102971603/images/res_3068a10e181103d3223a4b9b61950c54.jpg',7419.99,100,NULL,1,NULL,NULL,'2026-01-07 02:16:30.405145',NULL,'phone-iphone17promax-silver',1,NULL),(47,'Telefon mobil Motorola moto g05','Dual SIM, 256GB, 8GB RAM, 5200 mAh, Forest Green','https://s13emagst.akamaized.net/products/90135/90134054/images/res_46bd5e87d33ff0a2d509a0e0c3fd6ed7.jpg',597.84,100,NULL,1,NULL,NULL,'2026-01-07 02:16:30.406915',NULL,'phone-motorola-g05-green',1,NULL),(48,'Telefon mobil Nokia 106','Dual SIM, Negru','https://s13emagst.akamaized.net/products/29168/29167659/images/res_ef700e4c4c7a528226795ac16d3db96d.jpg',64.99,100,NULL,1,NULL,NULL,'2026-01-07 02:16:30.408816',NULL,'phone-nokia-106-negru',1,NULL),(49,'Telefon mobil Samsung Galaxy S25 Ultra','Dual SIM, 12GB RAM, 256GB, 5G, Titanium SilverBlue','https://s13emagst.akamaized.net/products/84446/84445768/images/res_143faed783b8d73c7a64b8c44dee6d44.jpg',5368.77,100,NULL,1,NULL,NULL,'2026-01-07 02:16:30.410141',NULL,'phone-samsung-s25ultra-silverblue',1,NULL),(50,'Telefon mobil Samsung Galaxy S25 Ultra','Dual SIM, 12GB RAM, 256GB, 5G, Titanium Gray','https://s13emagst.akamaized.net/products/84446/84445770/images/res_e3ece7d39a8a5aafa0a3d026b45d88fe.jpg',5497.03,100,NULL,1,NULL,NULL,'2026-01-07 02:16:30.411092',NULL,'phone-samsung-s25ultra-gray',1,NULL),(51,'Telefon mobil Samsung Galaxy A56','12GB RAM, 256GB, 5G, Awesome Graphite','https://s13emagst.akamaized.net/products/88998/88997825/images/res_6890f681b67ba46e85f1d9e58dc3784e.jpg',2281.50,100,NULL,1,NULL,NULL,'2026-01-07 02:16:30.412128',NULL,'phone-samsung-a56-12gb-graphite',1,NULL),(52,'Telefon mobil Apple iPhone 13','128GB, 5G, Starlight','https://s13emagst.akamaized.net/products/40685/40684412/images/res_587e5e15698135f41c0340e80496bf67.jpg',2799.00,100,NULL,1,NULL,NULL,'2026-01-07 02:16:30.413217',NULL,'phone-iphone13-starlight',1,NULL),(53,'Telefon mobil realme Note 70T','Dual SIM, 128GB, 4GB RAM Obsidian Black','https://s13emagst.akamaized.net/products/105941/105940198/images/res_274bfb0f557de80b6b46400041c0be4b.jpg',434.35,100,NULL,1,NULL,NULL,'2026-01-07 02:16:30.414217',NULL,'phone-realme-note70t-black',1,NULL),(54,'Telefon mobil Motorola moto g15 power','Dual SIM, 256GB, 8GB RAM, 6000 mAh, Iguana Green','https://s13emagst.akamaized.net/products/90135/90134037/images/res_4de3ddd7fb888d90be08c8d0a4b5a606.jpg',649.99,100,NULL,1,NULL,NULL,'2026-01-07 02:16:30.415155',NULL,'phone-motorola-g15-power-green',1,NULL),(55,'Telefon mobil Apple iPhone 17','256GB, 5G, Black','https://s13emagst.akamaized.net/products/102972/102971582/images/res_717c9c07c0167e08cba06a53461e75ff.jpg',4839.99,100,NULL,1,NULL,NULL,'2026-01-07 02:16:30.415896',NULL,'phone-iphone17-black',1,NULL),(56,'Telefon mobil Samsung Galaxy A16','8GB RAM, 128GB, 4G, Black','https://s13emagst.akamaized.net/products/91733/91732397/images/res_276956572f5e74f3969e6004e8dbd88d.jpg',816.75,100,NULL,1,NULL,NULL,'2026-01-07 02:16:30.417030',NULL,'phone-samsung-a16-8gb-black',1,NULL),(57,'Telefon mobil HMD Barbie','Dual SIM, 4G, Pink','https://s13emagst.akamaized.net/products/76414/76413657/images/res_158f6b72045d0d49fb1793bad619be6d.jpg',279.99,100,NULL,1,NULL,NULL,'2026-01-07 02:16:30.418439',NULL,'phone-hmd-barbie-pink',1,NULL),(58,'Telefon mobil Apple iPhone 17','256GB, 5G, Lavender','https://s13emagst.akamaized.net/products/102972/102971584/images/res_3f2e770c8aef9c446a110363746a8c09.jpg',4839.99,100,NULL,1,NULL,NULL,'2026-01-07 02:16:30.420027',NULL,'phone-iphone17-lavender',1,NULL),(59,'Telefon mobil Samsung Galaxy A06','128GB, 6GB RAM, 4G, Black','https://s13emagst.akamaized.net/products/77214/77213734/images/res_0f1b180a5c762a9c7f90805885e0e15c.jpg',562.01,100,NULL,1,NULL,NULL,'2026-01-07 02:16:30.421117',NULL,'phone-samsung-a06-128gb-6gb',1,NULL),(60,'Telefon mobil Motorola Edge 50 Fusion','Dual Sim, 256GB, 8GB RAM, 5G, Hot Pink','https://s13emagst.akamaized.net/products/96586/96585993/images/res_e641d186b0d224a190b913e0caaedb93.jpg',899.99,100,NULL,1,NULL,NULL,'2026-01-07 02:16:30.422795',NULL,'phone-motorola-edge50-fusion-pink',1,NULL),(61,'Husa de Protectie','Compatibila Apple iPhone 13, Doctor Shield Fantom, MagSafe - Verde','https://s13emagst.akamaized.net/products/59246/59245567/images/res_af237cc313bd7d3370552eae62812df1.jpg',19.99,100,NULL,1,NULL,NULL,'2026-01-07 02:16:30.424765',NULL,'husa-de-protectie-ee8cce',2,NULL),(62,'Husa Transparenta MagSafe','compatibila cu Apple iPhone 13','https://s13emagst.akamaized.net/products/42388/42387728/images/res_720fe78d31370d3987a7a7c568f1bad9.jpg',7.89,100,NULL,1,NULL,NULL,'2026-01-07 02:16:30.426054',NULL,'husa-transparenta-magsafe-51b548',2,NULL),(63,'Husa de Protectie','Compatibila Apple iPhone 17, Doctor Shield Fantom, MagSafe - Negru','https://s13emagst.akamaized.net/products/103298/103297732/images/res_2cd4369927993e0d366871fc457afff3.jpg',59.99,100,NULL,1,NULL,NULL,'2026-01-07 02:16:30.427048',NULL,'husa-de-protectie-91e603',2,NULL),(64,'Husa din silicon cu margini metalizate Ultra-Soft','Luxury Magsafe, compatibila cu iPhone 15 / Roz','https://s13emagst.akamaized.net/products/60404/60403357/images/res_88db98f4d6f80c704641f070cdadd32a.jpg',18.15,100,NULL,1,NULL,NULL,'2026-01-07 02:16:30.428267',NULL,'husa-din-silicon-cu-margini-metalizate-u-1a0dbd',2,NULL),(65,'Husa de protectie Apple Silicone Case cu MagSafe pentru iPhone 17 Pro Max','Black','https://s13emagst.akamaized.net/products/103096/103095133/images/res_da47cd10cedc5c7476c76c3b3494ef3a.jpg',221.99,100,NULL,1,NULL,NULL,'2026-01-07 02:16:30.429511',NULL,'husa-de-protectie-apple-silicone-case-cu-d196b1',2,NULL),(66,'Husa pentru Iphone 16','compatibila Magsafe, Antisoc, Transparenta','https://s13emagst.akamaized.net/products/77427/77426724/images/res_aa3edfbbc646c20ac14e1509b154fe37.jpg',9.60,100,NULL,1,NULL,NULL,'2026-01-07 02:16:30.430751',NULL,'husa-pentru-iphone-16-1678a3',2,NULL),(67,'Husa protectie Mat-Tech compatibila cu iPhone 17 Pro','Anti-soc, 2MM, Protectie Camera, Decupaje Precise, Rezistenta la impact, Margini ridicate pentru protectia ecranului, Transparenta','https://s13emagst.akamaized.net/products/104647/104646094/images/res_61dc1616f78e254f75688bbeb0c6126e.png',39.89,100,NULL,1,NULL,NULL,'2026-01-07 02:16:30.431772',NULL,'husa-protectie-mattech-compatibila-cu-ip-51dd6b',2,NULL),(68,'Husa pentru iPhone 17 Pro','Anti-Shock 1.5mm, cu protectie lentile, transparenta','https://s13emagst.akamaized.net/products/101517/101516774/images/res_1e4271201c18e22d5cbe08419eca0e20.jpg',34.98,100,NULL,1,NULL,NULL,'2026-01-07 02:16:30.432893',NULL,'husa-pentru-iphone-17-pro-e0fe77',2,NULL),(69,'Husa de Protectie','Compatibila Apple iPhone 16, protectie camera, Rezistent la socuri, MagSafe, Negru','https://s13emagst.akamaized.net/products/83242/83241274/images/res_8f4651368447edd0b990de8b97a0b409.jpg',34.73,100,NULL,1,NULL,NULL,'2026-01-07 02:16:30.434363',NULL,'husa-de-protectie-5d2251',2,NULL),(70,'Husa de Protectie','Compatibila Apple iPhone 15, Doctor Shield Fantom, MagSafe - Negru','https://s13emagst.akamaized.net/products/60832/60831679/images/res_6f049b39d3b7892044ce422be984c0c7.jpg',59.99,100,NULL,1,NULL,NULL,'2026-01-07 02:16:30.435807',NULL,'husa-de-protectie-aa8fac',2,NULL),(71,'Husa de Protectie MagSafe','Husa pentru telefon mobil Compatibila cu Incarcare pentru Apple iPhone 17 Pro Max, MOGU® pentru Incarcare Wireless, Margini Ridicate pentru Protectia Ecranului si a Camerelor, Absorbtie de soc anti-coliziune pe patru fete','https://s13emagst.akamaized.net/products/102217/102216622/images/res_b0f392d057ce803895685c7b6e322181.jpg',37.98,100,NULL,1,NULL,NULL,'2026-01-07 02:16:30.437169',NULL,'husa-de-protectie-magsafe-7f7fd2',2,NULL),(72,'Husa de Protectie','Compatibila Apple iPhone 17 Pro Max, Doctor Shield Fantom, MagSafe - Portocaliu','https://s13emagst.akamaized.net/products/109457/109456481/images/res_4db2cc95410f52021b6528346fa7c7fe.jpg',59.99,100,NULL,1,NULL,NULL,'2026-01-07 02:16:30.438483',NULL,'husa-de-protectie-865373',2,NULL),(73,'Husa de Protectie','Compatibila cu Apple iPhone 17 Pro Max, Doctor Shield Fantom, MagSafe','https://s13emagst.akamaized.net/products/103298/103297734/images/res_b1abd07cb1f0eeafa8799e3480e3c3a3.jpg',59.99,100,NULL,1,NULL,NULL,'2026-01-07 02:16:30.440081',NULL,'husa-de-protectie-d7a0ab',2,NULL),(74,'Husa Luxury tip MagSafe compatibila cu iPhone 13','Full protection, Margini colorate, Negru','https://s13emagst.akamaized.net/products/70915/70914271/images/res_35f57c1857e439c80f4a60227526c359.jpg',19.97,100,NULL,1,NULL,NULL,'2026-01-07 02:16:30.441760',NULL,'husa-luxury-tip-magsafe-compatibila-cu-i-32e270',2,NULL),(75,'Husa de protectie Apple Silicone Case cu MagSafe pentru iPhone 17 Pro','Black','https://s13emagst.akamaized.net/products/103096/103095127/images/res_db778f3a9b71cab2b05453a986a66e9f.jpg',221.99,100,NULL,1,NULL,NULL,'2026-01-07 02:16:30.443004',NULL,'husa-de-protectie-apple-silicone-case-cu-9d4668',2,NULL),(76,'Husa Luxury tip MagSafe compatibila cu iPhone 13','Full protection, Margini colorate, Rose Gold','https://s13emagst.akamaized.net/products/51685/51684180/images/res_98241e4c4cb8cb26bc59989d1ed18cf8.jpg',23.40,100,NULL,1,NULL,NULL,'2026-01-07 02:16:30.443903',NULL,'husa-luxury-tip-magsafe-compatibila-cu-i-8d6d52',2,NULL),(77,'Husa pentru iPhone 17','Anti-Shock 1.5 mm, Transparenta','https://s13emagst.akamaized.net/products/101518/101517023/images/res_41d39f186e194372c9e9ecb10d371d63.jpg',35.99,100,NULL,1,NULL,NULL,'2026-01-07 02:16:30.444954',NULL,'husa-pentru-iphone-17-57a33d',2,NULL),(78,'Husa tip','TPU, MagSafe, Compatibil cu iPhone 15, Transparent','https://s13emagst.akamaized.net/products/58707/58706679/images/res_38a36119a1c93b7522e18ac93b7a2708.jpg',15.00,100,NULL,1,NULL,NULL,'2026-01-07 02:16:30.446109',NULL,'husa-tip-eee83d',2,NULL),(79,'Husa transparenta pentru iPhone 17','WaltStore, MagSafe, protectie pentru camere, silicon','https://s13emagst.akamaized.net/products/103962/103961385/images/res_c0f2b714bf8bf7c8501ee38c0303b4fa.png',33.88,100,NULL,1,NULL,NULL,'2026-01-07 02:16:30.446987',NULL,'husa-transparenta-pentru-iphone-17-e5ce41',2,NULL),(80,'Husa din silicon cu margini metalizate Ultra-Soft','Luxury Magsafe, compatibila cu iPhone 11 Pro / Negru','https://s13emagst.akamaized.net/products/63632/63631035/images/res_74cf51e330a6fa24f6d3e4e5995b604d.jpg',19.36,100,NULL,1,NULL,NULL,'2026-01-07 02:16:30.447881',NULL,'husa-din-silicon-cu-margini-metalizate-u-5378ad',2,NULL),(81,'Husa de protectie Atlas Gia compatibila cu Apple Iphone 17 Pro','Transparent','https://s13emagst.akamaized.net/products/104020/104019042/images/res_b3ccad2234ff81be8d5b3dbf2a668232.jpg',19.90,100,NULL,1,NULL,NULL,'2026-01-07 02:16:30.448660',NULL,'husa-de-protectie-atlas-gia-compatibila--23f38c',2,NULL),(82,'Husa de protectie Apple Silicone Case with MagSafe pentru iPhone 15 Plus','Winter Blue','https://s13emagst.akamaized.net/products/60511/60510810/images/res_1e7554883b7cba7b22baea27fae56e40.jpg',59.99,100,NULL,1,NULL,NULL,'2026-01-07 02:16:30.449564',NULL,'husa-de-protectie-apple-silicone-case-wi-3d23fb',2,NULL),(83,'Husa ESR Classic HaloLock Compatibila Cu iPhone 17 Pro Max','Functie MagSafe, Protectie La Camera, Colturi Intarite, Frost Blue','https://s13emagst.akamaized.net/products/101861/101860431/images/res_a9076e641b247504e9efe0e9b961a018.jpg',75.02,100,NULL,1,NULL,NULL,'2026-01-07 02:16:30.450468',NULL,'husa-esr-classic-halolock-compatibila-cu-d7f11e',2,NULL),(84,'Husa telefon','ERBORD , pentru iPhone 16, CrystalMag, transparent, cu functie MagSafe, set cu sticla securizata 0.3mm','https://s13emagst.akamaized.net/products/78806/78805301/images/res_1dc9fdfc25ab382516117bd32adc7b16.jpg',14.40,100,NULL,1,NULL,NULL,'2026-01-07 02:16:30.451322',NULL,'husa-telefon-8af772',2,NULL),(85,'Husa pentru iPhone 17 Pro Max DaDen MagSafe Luxury','Antisoc, Protectie Camera, Margini Metalizate, Transparenta cu Margini Portocaliu','https://s13emagst.akamaized.net/products/104780/104779089/images/res_73a017988640a5783020b06dca148681.jpg',49.61,100,NULL,1,NULL,NULL,'2026-01-07 02:16:30.452271',NULL,'husa-pentru-iphone-17-pro-max-daden-mags-da32c1',2,NULL),(86,'Husa de protectie Apple Clear Case cu MagSafe pentru iPhone 17 Pro','Transparent','https://s13emagst.akamaized.net/products/103096/103095134/images/res_022e570a984714611c5d7d399972516e.jpg',294.99,100,NULL,1,NULL,NULL,'2026-01-07 02:16:30.453404',NULL,'husa-de-protectie-apple-clear-case-cu-ma-11e025',2,NULL),(87,'Husa Anti soc','transparenta compatibila cu IPhone 17','https://s13emagst.akamaized.net/products/106230/106229122/images/res_f12d09625270821ea59cec64aee68a28.jpg',20.68,100,NULL,1,NULL,NULL,'2026-01-07 02:16:30.454419',NULL,'husa-anti-soc-ec4c6c',2,NULL),(88,'Husa Premium pentru iPhone 17 PRO','Policarbonat Dur, Functie MagSafe, Anti-Soc, Mata cu Dungi, Ultra Slim, Protectie Spate, Gri','https://s13emagst.akamaized.net/products/109538/109537396/images/res_f2c61c11914623b8d94b0109e8752f5e.jpg',55.15,100,NULL,1,NULL,NULL,'2026-01-07 02:16:30.455622',NULL,'husa-premium-pentru-iphone-17-pro-fa6895',2,NULL),(89,'Husa Luxury MagSafe compatibila cu iPhone 14','Full protection, Margini colorate, Argintiu','https://s13emagst.akamaized.net/products/70915/70914275/images/res_bb4ee73f4607fc04061c8df26eb33db9.jpg',24.20,100,NULL,1,NULL,NULL,'2026-01-07 02:16:30.456900',NULL,'husa-luxury-magsafe-compatibila-cu-iphon-716180',2,NULL),(90,'Husa de protectie Atlas Gia compatibila cu Apple Iphone 17 Pro Max Transparent Slim','Anti zgarieturi, Anti soc, cu margini ridicate pentru protectia ecranului si a camerei','https://s13emagst.akamaized.net/products/104020/104019042/images/res_b3ccad2234ff81be8d5b3dbf2a668232.jpg',19.90,100,NULL,1,NULL,NULL,'2026-01-07 02:16:30.458406',NULL,'husa-de-protectie-atlas-gia-compatibila--fd0a3b',2,NULL),(91,'Husa pentru Iphone 16 Pro','compatibila Magsafe, Antisoc, Transparenta','https://s13emagst.akamaized.net/products/77427/77426726/images/res_bf98ff66e796c02ad0434925ae1121eb.jpg',6.82,100,NULL,1,NULL,NULL,'2026-01-07 02:16:30.459571',NULL,'husa-pentru-iphone-16-pro-fd7a3b',2,NULL),(92,'Husa de protectie Apple Silicone Case cu MagSafe pentru iPhone 17','Black','https://s13emagst.akamaized.net/products/103096/103095106/images/res_96098fa782e545855b13603de05a7eed.jpg',221.99,100,NULL,1,NULL,NULL,'2026-01-07 02:16:30.460490',NULL,'husa-de-protectie-apple-silicone-case-cu-110288',2,NULL),(93,'Husa de protectie','Compatibil cu iPhone 11, MagSafe, TPU, Transparent','https://s13emagst.akamaized.net/products/64472/64471134/images/res_6f9933a0afd802c538a9552691fb0d7b.jpg',12.56,100,NULL,1,NULL,NULL,'2026-01-07 02:16:30.461422',NULL,'husa-de-protectie-05b372',2,NULL),(94,'Husa de protectie pentru iPhone 17 Pro','Omelivon, MagSafe, Protectie completa, Anti-Soc, Decupaje Precise, Incarcare Wireless, Alb Transparent','https://s13emagst.akamaized.net/products/109537/109536843/images/res_3365c09f399a09868c9898fcfd7dc3be.jpg',45.99,100,NULL,1,NULL,NULL,'2026-01-07 02:16:30.462257',NULL,'husa-de-protectie-pentru-iphone-17-pro-747571',2,NULL),(95,'Husa de Protectie','Compatibila Apple iPhone 16, Doctor Shield Fantom, MagSafe - Negru','https://s13emagst.akamaized.net/products/77960/77959350/images/res_d758b64669f3f27b8886c27c9b2fe6e0.jpg',59.99,100,NULL,1,NULL,NULL,'2026-01-07 02:16:30.462917',NULL,'husa-de-protectie-61425a',2,NULL),(96,'Husa telefon','pentru iPhone 16e Anti-ingalbenire si anti-zgarietura， Alb transparent','https://s13emagst.akamaized.net/products/90886/90885215/images/res_c465f008bfad3984d9172956bec2e36b.jpg',27.96,100,NULL,1,NULL,NULL,'2026-01-07 02:16:30.463629',NULL,'husa-telefon-2f97a5',2,NULL),(97,'Husă transparentă din silicon pentru iPhone 17 Pro Max','MagSafe, protecție pentru camere','https://s13emagst.akamaized.net/products/103962/103961392/images/res_8b9e113cdec2176b864dda17a896a2c4.png',35.09,100,NULL,1,NULL,NULL,'2026-01-07 02:16:30.464568',NULL,'hus-transparent-din-silicon-pentru-iphon-a83eb1',2,NULL),(98,'Husa compatibila cu iPhone 15','compatibila cu MagSafe, TPU Magnetic Case, Transparenta','https://s13emagst.akamaized.net/products/75815/75814312/images/res_06091fc5de9579ba5f0669d5e8b00cd4.jpg',15.00,100,NULL,1,NULL,NULL,'2026-01-07 02:16:30.465522',NULL,'husa-compatibila-cu-iphone-15-f41679',2,NULL),(99,'Husa telefon','Silicon, Compatibil cu iPhone 13 Pro, Roz','https://s13emagst.akamaized.net/products/42491/42490031/images/res_18047c027060979bb37ee33518e8f60f.jpg',11.48,100,NULL,1,NULL,NULL,'2026-01-07 02:16:30.466390',NULL,'husa-telefon-368bc6',2,NULL),(100,'Husa de protectie Apple Silicone Case cu MagSafe pentru iPhone 17 Pro','Terra Cotta','https://s13emagst.akamaized.net/products/103096/103095126/images/res_dafc26bf9f72c67e4bc6daf3c0775097.jpg',289.99,100,NULL,1,NULL,NULL,'2026-01-07 02:16:30.467182',NULL,'husa-de-protectie-apple-silicone-case-cu-d333cf',2,NULL),(101,'Husa pentru iPhone 17 Pro','WaltStore, Silicon transparent, MagSafe, Protectie camere','https://s13emagst.akamaized.net/products/103962/103961394/images/res_1e96a7d70576d14429170292cfaff2f7.png',35.09,100,NULL,1,NULL,NULL,'2026-01-07 02:16:30.468012',NULL,'husa-pentru-iphone-17-pro-b37135',2,NULL),(102,'Husa de protectie Flippy','TPU, pentru Apple iPhone 13 Pro Max 6.7 inch, Antisoc, Protectie colturi, Rezistenta la impact, Transparenta','https://s13emagst.akamaized.net/products/85175/85174222/images/res_d416371eebc6563eb81cdeead04a0609.jpg',8.07,100,NULL,1,NULL,NULL,'2026-01-07 02:16:30.468857',NULL,'husa-de-protectie-flippy-93fb83',2,NULL),(103,'Husa Compatibila cu iPhone 15','Silicon, Anti Shock, Transparenta, 1.5mm','https://s13emagst.akamaized.net/products/62207/62206494/images/res_ef4b77f8f9f434180b1d75367c4f94b5.jpg',8.00,100,NULL,1,NULL,NULL,'2026-01-07 02:16:30.469803',NULL,'husa-compatibila-cu-iphone-15-031d14',2,NULL),(104,'Husa de Protectie','Compatibila Apple iPhone 13, Doctor Shield Fantom, MagSafe - Negru','https://s13emagst.akamaized.net/products/53949/53948243/images/res_c0eb4b08e3a8299329461f6fcf3d334c.jpg',59.99,100,NULL,1,NULL,NULL,'2026-01-07 02:16:30.470737',NULL,'husa-de-protectie-67cb50',2,NULL),(105,'Husa de Protectie MagSafe','Husa Compatibila cu Incarcare pentru Apple iPhone 17 Pro, MOGU® pentru Incarcare Wireless, Margini Ridicate pentru Protectia Ecranului si a Camerelor, Absorbtie de soc anti-coliziune pe patru fete, din Material PC+TPU','https://s13emagst.akamaized.net/products/102217/102216622/images/res_b0f392d057ce803895685c7b6e322181.jpg',37.98,100,NULL,1,NULL,NULL,'2026-01-07 02:16:30.471680',NULL,'husa-de-protectie-magsafe-eff0b8',2,NULL),(106,'Husa de Protectie','Compatibila Apple iPhone 17 Pro Max, Doctor Shield Fantom, MagSafe - Albastru','https://s13emagst.akamaized.net/products/109457/109456485/images/res_881c191bcb0bef26470a5c8626f6bc55.jpg',59.99,100,NULL,1,NULL,NULL,'2026-01-07 02:16:30.472707',NULL,'husa-de-protectie-4c4bee',2,NULL),(107,'Husa de Protectie Matte TPU','Flippy, pentru Apple iPhone 16, Protectie Camera, Antisoc, Antizgariere, Antialunecare, Acoperire Completa, Negru','https://s13emagst.akamaized.net/products/81202/81201202/images/res_5d7af30c0045a8287670fe493719489c.jpg',8.00,100,NULL,1,NULL,NULL,'2026-01-07 02:16:30.474659',NULL,'husa-de-protectie-matte-tpu-326473',2,NULL),(108,'Husa de Protectie','Compatibila cu Apple iPhone 13, Doctor Shield Fantom, MagSafe','https://s13emagst.akamaized.net/products/46759/46758754/images/res_6c6ca8a97b3a19415c8235f358ec79e1.jpg',59.99,100,NULL,1,NULL,NULL,'2026-01-07 02:16:30.476441',NULL,'husa-de-protectie-b30f13',2,NULL),(109,'Husa pentru iPhone 17 Pro DaDen','silicon transparent Premium, Ultra Slim, Flexibila, Transparenta','https://s13emagst.akamaized.net/products/102581/102580051/images/res_cdb0460fcd49562c35f9483f53bc2b63.jpg',39.98,100,NULL,1,NULL,NULL,'2026-01-07 02:16:30.477707',NULL,'husa-pentru-iphone-17-pro-daden-b9a244',2,NULL),(110,'Husa silicon iPhone 11','husa din spate, husa telefon, cu colturi intarite, transparenta, Anti Shock, 1.5mm','https://s13emagst.akamaized.net/products/43070/43069497/images/res_8fdcb310d25c6d37be7a5cecf1b59ce8.jpg',10.06,100,NULL,1,NULL,NULL,'2026-01-07 02:16:30.478675',NULL,'husa-silicon-iphone-11-7277c2',2,NULL),(111,'Husa pentru iPhone 17 Pro DaDen MagSafe Luxury','Antisoc, Protectie Camera, Margini Metalizate, Transparenta cu Margini Portocaliu','https://s13emagst.akamaized.net/products/104780/104779089/images/res_73a017988640a5783020b06dca148681.jpg',69.99,100,NULL,1,NULL,NULL,'2026-01-07 02:16:30.479587',NULL,'husa-pentru-iphone-17-pro-daden-magsafe--015cf4',2,NULL),(112,'Husa Premium pentru iPhone 17 Pro','Policarbonat, Efect fosforescent, functie MagSafe, Ultra Slim, Neagra','https://s13emagst.akamaized.net/products/109458/109457098/images/res_eff80e735d9f5fcd56054bd2d8389b36.jpg',61.15,100,NULL,1,NULL,NULL,'2026-01-07 02:16:30.480647',NULL,'husa-premium-pentru-iphone-17-pro-f8c173',2,NULL),(113,'Husa pentru iPhone 17 Pro Max DaDen MagSafe Luxury','Antisoc, Protectie Camera, Margini Metalizate, Transparenta cu Margini Albastre/ Albastru','https://s13emagst.akamaized.net/products/102763/102762173/images/res_2065cb541faa6ba1fed3935276a2be0d.jpg',49.61,100,NULL,1,NULL,NULL,'2026-01-07 02:16:30.481643',NULL,'husa-pentru-iphone-17-pro-max-daden-mags-95fec2',2,NULL),(114,'Husa de Protectie','Compatibila cu Apple iPhone 16 Plus, TPU, Antisoc, Rezistenta la Impact, Protectie Camera, Transparenta','https://s13emagst.akamaized.net/products/85258/85257919/images/res_e02a6ba9fa451f0f4835f0adbf83d31c.jpg',7.59,100,NULL,1,NULL,NULL,'2026-01-07 02:16:30.482694',NULL,'husa-de-protectie-2f9390',2,NULL),(115,'Husa de Protectie Matte TPU','Flippy, pentru Apple iPhone 16, Protectie Camera, Antisoc, Antizgariere, Antialunecare, Acoperire Completa, Albastru','https://s13emagst.akamaized.net/products/81202/81201191/images/res_fe5c316bdd0c8e5d947fed852fd6137d.jpg',8.00,100,NULL,1,NULL,NULL,'2026-01-07 02:16:30.483820',NULL,'husa-de-protectie-matte-tpu-4d4965',2,NULL),(116,'Husa de protectie Apple Clear Case cu MagSafe pentru iPhone 17 Pro Max','Transparent','https://s13emagst.akamaized.net/products/103096/103095135/images/res_ecb778abcaca9dc220a7688486f92275.jpg',283.33,100,NULL,1,NULL,NULL,'2026-01-07 02:16:30.484610',NULL,'husa-de-protectie-apple-clear-case-cu-ma-29648e',2,NULL),(117,'Husa de Protectie','Flippy, pentru iPhone 16 Pro, Liquid Silicone, cu Microfibra pe Interior, Protectie Antisoc, Compatibil Incarcare Wireless, Negru','https://s13emagst.akamaized.net/products/85258/85257952/images/res_f6cd253eba922f7404031669532dd10d.jpg',13.18,100,NULL,1,NULL,NULL,'2026-01-07 02:16:30.485698',NULL,'husa-de-protectie-37be03',2,NULL),(118,'Husa de Protectie Matte TPU','Flippy, pentru Apple iPhone 16 Pro Max, Protectie Camera, Antisoc, Antizgariere, Antialunecare, Acoperire Completa, Negru','https://s13emagst.akamaized.net/products/81202/81201190/images/res_c41fa0673f88ef70280c315e217fecb4.jpg',8.00,100,NULL,1,NULL,NULL,'2026-01-07 02:16:30.486771',NULL,'husa-de-protectie-matte-tpu-371f2d',2,NULL),(119,'Combina frigorifica Beko B1RCNA364XB','316 l, No Frost, AeroFlow, XXL Bottle holder, MaxStore, Clasa E, H 186.5 cm, Argintiu','https://s13emagst.akamaized.net/products/51817/51816868/images/res_9045b23fb8647e9ece362d9742fd9ec5.jpg',1981.50,100,NULL,1,NULL,NULL,'2026-01-07 02:16:30.487579',NULL,'combina-frigorifica-beko-b1rcna364xb-8082d0',3,NULL),(120,'Combina frigorifica Candy CCG1S 518EW','252 l, Super Freezing, Rafturi din sticla, Usi reversibile, Clasa E, H 180 cm, Alb','https://s13emagst.akamaized.net/products/56538/56537710/images/res_e1b46a5a90bacce5ea0c34457d9c7ba5.jpg',1310.09,100,NULL,1,NULL,NULL,'2026-01-07 02:16:30.488484',NULL,'combina-frigorifica-candy-ccg1s-518ew-39f1c4',3,NULL),(121,'Combina frigorifica incorporabila Beko BCHA306E4SN','289 l, No Frost, Harvestfresh, Compresor ProSmart Inverter, Clasa E, H 193.5 cm','https://s13emagst.akamaized.net/products/33015/33014295/images/res_c077c396eef1df2249070d4ae5747467.jpg',2499.90,100,NULL,1,NULL,NULL,'2026-01-07 02:16:30.489395',NULL,'combina-frigorifica-incorporabila-beko-b-0884b2',3,NULL),(122,'Combina frigorifica Beko RCSA366K40WN','343 l, Usi reversibile, Iluminare LED, Termostat reglabil, Clasa E, H 185.3 cm, Alb','https://s13emagst.akamaized.net/products/33885/33884897/images/res_d93e78960484028691a05dee77a1133a.jpg',1633.50,100,NULL,1,NULL,NULL,'2026-01-07 02:16:30.491127',NULL,'combina-frigorifica-beko-rcsa366k40wn-f8c51a',3,NULL),(123,'Combina frigorifica Beko RCNA386E40ZXBN','358 l, Clasa E, NeoFrost Dual Cooling, HarvestFresh, Everfresh+, Display Touch Control, H 203 cm, Argintiu','https://s13emagst.akamaized.net/products/33687/33686817/images/res_e8937762888c1250bda323f9d207f843.jpg',2503.49,100,NULL,1,NULL,NULL,'2026-01-07 02:16:30.492504',NULL,'combina-frigorifica-beko-rcna386e40zxbn-1ab592',3,NULL),(124,'Combina frigorifica Beko RCSA406K40DWN','386 l, Dozator apa, Usi reversibile, Iluminare LED, Termostat reglabil, Clasa E, H 202.5 cm, Alb','https://s13emagst.akamaized.net/products/33480/33479777/images/res_ea5408909ee80579c6857481a76ccf7d.jpg',1996.99,100,NULL,1,NULL,NULL,'2026-01-07 02:16:30.493692',NULL,'combina-frigorifica-beko-rcsa406k40dwn-440429',3,NULL),(125,'Combina frigorifica Candy CCG1S 518EX','252 l, Super Freezing, Rafturi din sticla, Usi reversibile, Clasa E, H 180 cm, Inox','https://s13emagst.akamaized.net/products/56538/56537748/images/res_b6774f8b578bc2ee3cb1fc8c87747d9e.jpg',1328.28,100,NULL,1,NULL,NULL,'2026-01-07 02:16:30.494938',NULL,'combina-frigorifica-candy-ccg1s-518ex-0ea158',3,NULL),(126,'Combina frigorifica Arctic AK60406M40NFW','362 l, Clasa E, Full No Frost, H 203, Alb','https://s13emagst.akamaized.net/products/33885/33884890/images/res_0b444c2944c2bbe3077deba719c1d5e2.jpg',2199.00,100,NULL,1,NULL,NULL,'2026-01-07 02:16:30.496291',NULL,'combina-frigorifica-arctic-ak60406m40nfw-d39d47',3,NULL),(127,'Combina frigorifica Bosch KGE39ALCA','343 l, Low Frost, Raft sticle, Control electronic, VitaFresh, Clasa C, H 201 cm, Argintiu','https://s13emagst.akamaized.net/products/34016/34015548/images/res_d360141f03a3b0404645e04497309bfe.jpg',3246.99,100,NULL,1,NULL,NULL,'2026-01-07 02:16:30.509320',NULL,'combina-frigorifica-bosch-kge39alca-f7c22d',3,NULL),(128,'Combina frigorifica incorporabila BEKO BCNE400E40SN','370 l, No Frost, Raft sticle, HarvestFresh, Display touch control, Clasa E, H 194 cm, Alb','https://s13emagst.akamaized.net/products/44252/44251649/images/res_d8304bc76d2a0081311708c4a7ada346.jpg',3499.99,100,NULL,1,NULL,NULL,'2026-01-07 02:16:30.510590',NULL,'combina-frigorifica-incorporabila-beko-b-889f50',3,NULL),(129,'Combina frigorifica Bosch KGN56XIDR','508 l, NoFrost, PerfectFit, Raft sticle, Iluminare LED, VitaFresh, Clasa D, H 193 cm, Inox AntiAmprenta','https://s13emagst.akamaized.net/products/49519/49518270/images/res_7a4f6f7790e38428a8f38e039156a43f.jpg',4949.99,100,NULL,1,NULL,NULL,'2026-01-07 02:16:30.511604',NULL,'combina-frigorifica-bosch-kgn56xidr-dc7ab5',3,NULL),(130,'Combina Frigorifica GORENJE NRK720EAXL4','Clasa E, No Frost Plus, 495 Litri, 200 Cm, Argintiu','https://s13emagst.akamaized.net/products/69868/69867833/images/res_9a87d9515d98e927ea08c90b2289c0de.jpg',4961.00,100,NULL,1,NULL,NULL,'2026-01-07 02:16:30.512571',NULL,'combina-frigorifica-gorenje-nrk720eaxl4-3d1e7e',3,NULL),(131,'Combina frigorifica Indesit IB55 532 X','Dezghetare automata, Sertar pentru legume si fructe, 229l, Clasa E, Inox','https://s13emagst.akamaized.net/products/83223/83222369/images/res_2afda578524e30d94e3c2d8bca5cb828.jpg',2240.00,100,NULL,1,NULL,NULL,'2026-01-07 02:16:30.513645',NULL,'combina-frigorifica-indesit-ib55-532-x-391a3c',3,NULL),(132,'Combina frigorifica Beko RCSA366K40XBN','343 l, Usi reversibile, Termostat reglabil, Iluminare LED, Clasa E, H 185.3 cm, Argintiu','https://s13emagst.akamaized.net/products/33885/33884898/images/res_92fdd83b265556b0b0276d8d293c5369.jpg',1882.18,100,NULL,1,NULL,NULL,'2026-01-07 02:16:30.514650',NULL,'combina-frigorifica-beko-rcsa366k40xbn-038579',3,NULL),(133,'Combina frigorifica Bosch KGE36ALCA','308 l, Low Frost, VitaFresh, Clasa C, H 186 cm, Argintiu','https://s13emagst.akamaized.net/products/34016/34015549/images/res_b64e5a28adeaa6ce8175bb7f0419db9c.jpg',3699.99,100,NULL,1,NULL,NULL,'2026-01-07 02:16:30.515765',NULL,'combina-frigorifica-bosch-kge36alca-5347c0',3,NULL),(134,'Combina frigorifica Bosch KGE49AICA','419 l, Low Frost, VitaFresh, Control electronic, Raft sticle, Super freeze, Clasa C, H 201 cm, Inox Antiamprenta','https://s13emagst.akamaized.net/products/33225/33224730/images/res_db7a7b4d4e44e8de65c81989e433877d.jpg',3896.99,100,NULL,1,NULL,NULL,'2026-01-07 02:16:30.516744',NULL,'combina-frigorifica-bosch-kge49aica-873656',3,NULL),(135,'Combina frigorifica Bosch KGN397LEQ','368 l, NoFrost, Clasa E, H 203 cm, Inox AntiAmprenta','https://s13emagst.akamaized.net/products/49519/49518264/images/res_74efbc5b0ae4baf5a00ab34ac3eb974f.jpg',3724.99,100,NULL,1,NULL,NULL,'2026-01-07 02:16:30.517678',NULL,'combina-frigorifica-bosch-kgn397leq-f43220',3,NULL),(136,'Combina frigorifica Tesla RC3100FMXE','310 l, Clasa E, Total No Frost, Display LED, H 188 cm, Inox','https://s13emagst.akamaized.net/products/72834/72833714/images/res_aacf0631ccdf3d268ed8e08237967726.jpg',1705.99,100,NULL,1,NULL,NULL,'2026-01-07 02:16:30.518628',NULL,'combina-frigorifica-tesla-rc3100fmxe-2b4d92',3,NULL),(137,'Combina frigorifica Whirlpool WB70I931XAQUA','439l, Total No Frost, 6th Sense, Active 0, Dozator de apa, Clasa F, H 195.5 cm, Inox anti-amprenta','https://s13emagst.akamaized.net/products/37118/37117094/images/res_bf70bc8b4a8d895473ac1c3fc9ed4b11.jpg',5799.00,100,NULL,1,NULL,NULL,'2026-01-07 02:16:30.519971',NULL,'combina-frigorifica-whirlpool-wb70i931xa-0a3c22',3,NULL),(138,'Combina frigorifica Bosch KGE36AWCA','308 l, Low Frost, VitaFresh, Super-congelare, FreshSense, Compresor Intelligent Inverter, Clasa C, H 186 cm, Alb','https://s13emagst.akamaized.net/products/30615/30614238/images/res_ab4ac1dc31bf4e41bb9866389588b820.jpg',3599.99,100,NULL,1,NULL,NULL,'2026-01-07 02:16:30.521079',NULL,'combina-frigorifica-bosch-kge36awca-8ca747',3,NULL),(139,'Combina frigorifica Bosch KGN56XLEB','508 l, NoFrost, PerfectFit, Iluminare LED, Clasa E, H 193 cm, Inox','https://s13emagst.akamaized.net/products/49519/49518271/images/res_22de590c8de4f4d74a0d28112c800154.jpg',4539.99,100,NULL,1,NULL,NULL,'2026-01-07 02:16:30.522154',NULL,'combina-frigorifica-bosch-kgn56xleb-f6a521',3,NULL),(140,'Combina Frigorifica Gorenje NRK720CAXL4','Clasa C, No Frost, 70 Cm, 495 Litri, 201 Cm, Argintiu','https://s13emagst.akamaized.net/products/70062/70061111/images/res_deb1c7afba9f2b6aedbcf7a3a577ba06.jpg',6292.00,100,NULL,1,NULL,NULL,'2026-01-07 02:16:30.523066',NULL,'combina-frigorifica-gorenje-nrk720caxl4-249a42',3,NULL),(141,'Combina frigorifica Hotpoint HAFC8TI21SX','335l, Clasa F, Total No Frost, H 191.2 cm, Inox','https://s13emagst.akamaized.net/products/37118/37117089/images/res_39056d50b4cf47ab469ef11b74a72279.jpg',2568.35,100,NULL,1,NULL,NULL,'2026-01-07 02:16:30.524240',NULL,'combina-frigorifica-hotpoint-hafc8ti21sx-5f2e25',3,NULL),(142,'Combina frigorifica incorporabila Bosch KIS87AFE0','272 l, Clasa E, LowFrost, FreshSense, H 177 cm','https://s13emagst.akamaized.net/products/32478/32477538/images/res_e738642d5f0ad76785d9a01c9dba6983.jpg',4414.99,100,NULL,1,NULL,NULL,'2026-01-07 02:16:30.526262',NULL,'combina-frigorifica-incorporabila-bosch--f13067',3,NULL),(143,'Combina frigorifica Bosch KGE39AICA','343 l, Low Frost, VitaFresh, Super-congelare, EasyAccess, Clasa C, H 201 cm, Inox antiamprenta','https://s13emagst.akamaized.net/products/30615/30614240/images/res_63445c7080d32f71bf73dbeba4f895d7.jpg',3528.99,100,NULL,1,NULL,NULL,'2026-01-07 02:16:30.527542',NULL,'combina-frigorifica-bosch-kge39aica-b157a7',3,NULL),(144,'Combina frigorifica Arctic AK60320M30W','300 l, Clasa F, Garden Fresh, Mix Zone, H 185.1 cm, Alb','https://s13emagst.akamaized.net/products/33518/33517288/images/res_8ace74753c06d732b3f4f46666aafe16.jpg',1718.08,100,NULL,1,NULL,NULL,'2026-01-07 02:16:30.528813',NULL,'combina-frigorifica-arctic-ak60320m30w-563459',3,NULL),(145,'Combina frigorifica Bosch KGV39VWEA','343 l, Low Frost, VitaFresh, Clasa E, H 201 cm, Alb','https://s13emagst.akamaized.net/products/32478/32477470/images/res_9dc10c3ae02ef22301d1646e348b1b38.jpg',2599.99,100,NULL,1,NULL,NULL,'2026-01-07 02:16:30.529733',NULL,'combina-frigorifica-bosch-kgv39vwea-228a74',3,NULL),(146,'Combina frigorifica Siltal IHMC33RN','Clasa F, Capacitate 336 l, Less Frost, Raft vinuri, Rosu','https://s13emagst.akamaized.net/products/27433/27432177/images/res_c8376d251e7a1483465abf94b000539c.jpg',1879.91,100,NULL,1,NULL,NULL,'2026-01-07 02:16:30.530911',NULL,'combina-frigorifica-siltal-ihmc33rn-e63c37',3,NULL),(147,'Combina frigorifica Tesla RC4200FTXE','417 l, Total No Frost, Clasa E, Display extern, Control electronic, lumina LED, H 185 cm, Inox','https://s13emagst.akamaized.net/products/84645/84644851/images/res_570db149c420cbe19b08de9c23b95dc9.jpg',2913.35,100,NULL,1,NULL,NULL,'2026-01-07 02:16:30.531931',NULL,'combina-frigorifica-tesla-rc4200ftxe-8ee7e6',3,NULL),(148,'Combina frigorifica Bomann','KG320.2W, H 143 cm, capacitate 175 l, congelator 4 stele 53 litri, 3 rafturi sticla securizata, 3 rafturi pe usa, compartiment legume/fructe, dezghetare automata, control temperatura, iluminat interior LED, usi reversibile, alb','https://s13emagst.akamaized.net/products/74542/74541583/images/res_b908734949919cd80053d7ca42e520fe.jpg',1744.09,100,NULL,1,NULL,NULL,'2026-01-07 02:16:30.532998',NULL,'combina-frigorifica-bomann-4ef0df',3,NULL),(149,'Combina frigorifica Fram FC-VRR340BLF+','340 l, Less Frost, Lumina LED, Dezghetare automata frigider, Clasa F, H 190 cm, Albastru','https://s13emagst.akamaized.net/products/38665/38664380/images/res_6b0b3c9d8c06a0a2361ba4ae02dd8106.jpg',1914.98,100,NULL,1,NULL,NULL,'2026-01-07 02:16:30.534065',NULL,'combina-frigorifica-fram-fcvrr340blf-5571db',3,NULL),(150,'Combina frigorifica Tesla RC3800FMB','378 l, Clasa E, Total No Frost, Compresor Inverter, Display LED, H 201 cm, Sticla Neagra','https://s13emagst.akamaized.net/products/72834/72833716/images/res_ce98ef2e5bf3343e8b775b41c6e759e8.jpg',2935.99,100,NULL,1,NULL,NULL,'2026-01-07 02:16:30.535077',NULL,'combina-frigorifica-tesla-rc3800fmb-fb0c65',3,NULL),(151,'Combina frigorifica Bomann','KG7353N, H 180 cm, capacitate 268 litri, congelator 71 litri, consum redus, 4 rafturi din sticla securizata, compartiment pentru fructe/legume, 4 rafturi pe usa, control temperatura, usi reversibile, accesorii incluse, negru','https://s13emagst.akamaized.net/products/70168/70167321/images/res_fb8354f7866dbcfe6be2b9f72c2bc09b.jpg',3049.49,100,NULL,1,NULL,NULL,'2026-01-07 02:16:30.536275',NULL,'combina-frigorifica-bomann-ce9899',3,NULL),(152,'Combina frigorifica incorporabila Beko BCSA306E4ZSN','298 l, HarvestFresh, Everfresh+, Raft sticle, Compresor ProSmart Inverter, Display touch control, Clasa E, H 194 cm, Alb','https://s13emagst.akamaized.net/products/54622/54621282/images/res_1a204565484b02b98624a52f586c73de.jpg',3980.90,100,NULL,1,NULL,NULL,'2026-01-07 02:16:30.537459',NULL,'combina-frigorifica-incorporabila-beko-b-bc6df4',3,NULL),(153,'Combina frigorifica Indesit LI8SN2EX','328 l, No Frost, Clasa E, H 189.9 cm, Argintiu','https://s13emagst.akamaized.net/products/37118/37117088/images/res_0a07a745ed1c3067328a398b5857dc23.jpg',2252.27,100,NULL,1,NULL,NULL,'2026-01-07 02:16:30.538602',NULL,'combina-frigorifica-indesit-li8sn2ex-f26fa1',3,NULL),(154,'Combina frigorifica Bosch KGN49XIEA','438 l, NoFrost, VitaFresh, Display touch control, Raft sticle, PerfectFit, Clasa E, H 203 cm, Inox antiamprenta','https://s13emagst.akamaized.net/products/32478/32477474/images/res_dda59ac263a8dbe52bd30d00746ab489.jpg',5099.99,100,NULL,1,NULL,NULL,'2026-01-07 02:16:30.539893',NULL,'combina-frigorifica-bosch-kgn49xiea-ede61e',3,NULL),(155,'Combina frigorifica Electrolux LNT5ME32U1','330 l, No Frost, Control electronic, Multi Flow, Iluminare LED, Clasa E, H 186 cm, Inox antiamprenta','https://s13emagst.akamaized.net/products/56160/56159360/images/res_a0a8e4c61d6cbd935c49f76ac4d53707.jpg',3299.89,100,NULL,1,NULL,NULL,'2026-01-07 02:16:30.541781',NULL,'combina-frigorifica-electrolux-lnt5me32u-fd38b9',3,NULL),(156,'Combina frigorifica Liebherr CNsdb 5723 Plus','EasyFresh, NoFrost, 330 l, H 201.5 cm, Clasa B, Inox','https://s13emagst.akamaized.net/products/54380/54379708/images/res_293eebec4ed2b3b3219136e7c0819670.jpg',5129.09,100,NULL,1,NULL,NULL,'2026-01-07 02:16:30.543693',NULL,'combina-frigorifica-liebherr-cnsdb-5723--b599e5',3,NULL),(157,'Combina Frigorifica Whirlpool WHK 26363 XP6E','Vol net total 316 (Frigider 210 + Congelator 106) , Clasa energetica C, Tehnologia al 6-lea simt, display pe usa, Inaltime 186.5, Compresor Inverter, Culoare Inox','https://s13emagst.akamaized.net/products/101012/101011013/images/res_f41621b0f1ae0c6cc05306153b1d169b.jpg',3782.97,100,NULL,1,NULL,NULL,'2026-01-07 02:16:30.545226',NULL,'combina-frigorifica-whirlpool-whk-26363--33efd4',3,NULL),(158,'Combina Frigorifica Whirlpool WHK 26362 XP5E','Vol net total 316 (Frigider 210 + Congelator 106) ,Tehnologia al 6-lea simt , display pe usa , Clasa energetica D,inaltime 186cm, compresor Inverter, Culoare Inox','https://s13emagst.akamaized.net/products/101012/101011013/images/res_f41621b0f1ae0c6cc05306153b1d169b.jpg',3428.85,100,NULL,1,NULL,NULL,'2026-01-07 02:16:30.546235',NULL,'combina-frigorifica-whirlpool-whk-26362--61a562',3,NULL),(159,'Combina frigorifica Tesla RC2600ME','262 l, Clasa E, Iluminare LED, H 177 cm, Alb','https://s13emagst.akamaized.net/products/72834/72833712/images/res_b1fb61071a4f48dcb5e759ffd2b24e55.jpg',1493.99,100,NULL,1,NULL,NULL,'2026-01-07 02:16:30.547077',NULL,'combina-frigorifica-tesla-rc2600me-ed31a5',3,NULL),(160,'Combina frigorifica incorporabila WHIRLPOOL WHC20T352','280 l, Clasa E, Total No Frost, H 193.5 cm, Alb','https://s13emagst.akamaized.net/products/42122/42121015/images/res_4cd9b76a4a2fafe80aff23ef2088e1cd.jpg',4980.00,100,NULL,1,NULL,NULL,'2026-01-07 02:16:30.547874',NULL,'combina-frigorifica-incorporabila-whirlp-463d47',3,NULL),(161,'Combina frigorifica GORENJE NRK6202AXL4','No Frost Plus, 331 l, H 200 cm, inox','https://s13emagst.akamaized.net/products/34397/34396501/images/res_7f11f027cd654706995b7cf6e67f51a2.jpg',3914.35,100,NULL,1,NULL,NULL,'2026-01-07 02:16:30.548793',NULL,'combina-frigorifica-gorenje-nrk6202axl4-cf1e88',3,NULL),(162,'Combina frigorifica Bosch KGN49XLEA','438 l, NoFrost, VitaFresh, Clasa E, H 203 cm, Argintiu','https://s13emagst.akamaized.net/products/32478/32477474/images/res_dda59ac263a8dbe52bd30d00746ab489.jpg',4299.99,100,NULL,1,NULL,NULL,'2026-01-07 02:16:30.549762',NULL,'combina-frigorifica-bosch-kgn49xlea-bd1bd9',3,NULL),(163,'Combina frigorifica Beko RCNE560K40DXBN','510 l, NeoFrost Dual Cooling, Compresor ProSmart Inverter, Dozator de apa, Clasa E, H 192 cm, Argintiu','https://s13emagst.akamaized.net/products/36497/36496139/images/res_2d853709a22f645a11a729dd99f85402.jpg',5082.00,100,NULL,1,NULL,NULL,'2026-01-07 02:16:30.550502',NULL,'combina-frigorifica-beko-rcne560k40dxbn-13416b',3,NULL),(164,'Combina frigorifica incorporabila Barazza','H177 cm, volum 233 litri, congelator 63 litri, Advanced No Frost, control umiditate, 4 rafturi din sticla securizata, 4 rafturi pe usa, 3 compartimente congelator, iluminare interioara LED, alb','https://s13emagst.akamaized.net/products/84982/84981016/images/res_c134766119dd9c3e3ad7ff7b2240b765.png',4461.89,100,NULL,1,NULL,NULL,'2026-01-07 02:16:30.551195',NULL,'combina-frigorifica-incorporabila-barazz-e08018',3,NULL),(165,'Combina frigorifica Retro Severin','H 194.3 cm, capacitate 315 l, No Frost, sistem Multi AirFlow, congelare 4 stele, 3 rafturi din sticla securizata, compartiment pentru fructe/legume, control temperatura, iluminat interior LED, manere cromate, crem','https://s13emagst.akamaized.net/products/71454/71453717/images/res_603fda2c53ac8293b1d6bafbe533908e.jpg',5660.29,100,NULL,1,NULL,NULL,'2026-01-07 02:16:30.551895',NULL,'combina-frigorifica-retro-severin-354f38',3,NULL),(166,'Combina Frigorifica Whirlpool WHK2 6493W X5E','Vol net total 490 (Frigider 340 + Congelator 150), Clasa energetica D, inaltime192.0 , Culoare Inox perlat, Display pe usa, dispenser de apa','https://s13emagst.akamaized.net/products/101012/101011012/images/res_c033c10baa98be8c4b327bda90c88218.jpg',5424.55,100,NULL,1,NULL,NULL,'2026-01-07 02:16:30.552472',NULL,'combina-frigorifica-whirlpool-whk2-6493w-0897dc',3,NULL),(167,'Combina Frigorifica Whirlpool','WHK 25404 XP8E,Vol net total 355 (Frigider 249 + Congelator 106) , Clasa energetica A, inaltime 203.5 , Culoare Inox,compresor Inverter','https://s13emagst.akamaized.net/products/101012/101011011/images/res_876e31b5905e8bce743bf7e13d71b27c.jpg',6646.24,100,NULL,1,NULL,NULL,'2026-01-07 02:16:30.553240',NULL,'combina-frigorifica-whirlpool-de80ba',3,NULL),(168,'Combina Frigorifica Albatros CF361','288 L, Termostat Reglabil, Clasa energetica F, 3 sertare congelator, H 180 cm, Alb','https://s13emagst.akamaized.net/products/47754/47753496/images/res_d037db7eb6d45822377fc4b00bbb06cd.jpg',1452.00,100,NULL,1,NULL,NULL,'2026-01-07 02:16:30.554097',NULL,'combina-frigorifica-albatros-cf361-8b14d5',3,NULL),(169,'Combina frigorifica cu dozator Candy CCG1S 518FWX','250l, Super Freezing, Dozator apa, Clasa F, H 180 cm, Inox','https://s13emagst.akamaized.net/products/59701/59700170/images/res_ca703464a1ef45ba4c34908a75939389.jpg',1588.99,100,NULL,1,NULL,NULL,'2026-01-07 02:16:30.554853',NULL,'combina-frigorifica-cu-dozator-candy-ccg-3caa25',3,NULL),(170,'Combina Frigorifica Albatros CFXD341','260 L, Dozator de apa, Termostat reglabil, Clasa energetica F, 3 sertare congelator, H 180 cm, Inox','https://s13emagst.akamaized.net/products/38089/38088269/images/res_4100b7e8f24ba944409458cbe803d84b.jpg',1597.20,100,NULL,1,NULL,NULL,'2026-01-07 02:16:30.555584',NULL,'combina-frigorifica-albatros-cfxd341-a79093',3,NULL),(171,'Combina frigorifica Exquisit','cu dispenser de apa, capacitate totala 313 litri, H 186 cm, compresor Inverter, congelator 4 stele, compartiment pentru fructe si legume, rafturi ajustabile din sticla securizata, control temperatura, iluminare LED, inox','https://s13emagst.akamaized.net/products/76954/76953688/images/res_22115c0824b39e39da6869745a2fdb71.jpg',3274.19,100,NULL,1,NULL,NULL,'2026-01-07 02:16:30.556321',NULL,'combina-frigorifica-exquisit-252fa7',3,NULL),(172,'Combina frigorifica incorporabila Bertazzoni','French Door, capacitate totala 556 litri, H 178 cm, usa cu deschidere pe dreapta, Total No Frost, dispenser gheata, functie Vacation, Shopping, Sabbath, ventilatie multipla, Child Lock, colectie Heritage, alb','https://s13emagst.akamaized.net/products/94799/94798614/images/res_532c950b6f579bbf42aaa99e1e8f1d46.jpg',58849.99,100,NULL,1,NULL,NULL,'2026-01-07 02:16:30.557283',NULL,'combina-frigorifica-incorporabila-bertaz-4c1f25',3,NULL),(173,'Combina frigorifica incorporabila Bosch Seria 8 KIF86PFE0','223 l, Clasa E, NoFrost, FreshSense, H 177 cm','https://s13emagst.akamaized.net/products/34016/34015532/images/res_5f48437d03d6487618360fc1fe1b3838.jpg',6899.99,100,NULL,1,NULL,NULL,'2026-01-07 02:16:30.558605',NULL,'combina-frigorifica-incorporabila-bosch--e413f1',3,NULL),(174,'Combina frigorifica incorporabila Hansa BK316.3AA','242 l, Clasa E, Control mecanic, H 177 cm, Alb','https://s13emagst.akamaized.net/products/1674/1673024/images/res_b47a1f6801e2fb4f12bf8241c1935ebf.jpg',2608.99,100,NULL,1,NULL,NULL,'2026-01-07 02:16:30.560226',NULL,'combina-frigorifica-incorporabila-hansa--d29311',3,NULL),(175,'Combina frigorifica Exquisit','cu dispenser de apa, capacitate totala 313 litri, H 186 cm, compresor Inverter, congelator 4 stele, compartiment pentru fructe si legume, rafturi ajustabile din sticla securizata, control temperatura, iluminare LED, antracit','https://s13emagst.akamaized.net/products/82043/82042010/images/res_a55867c462988633639a3e72d668bd13.jpg',3488.19,100,NULL,1,NULL,NULL,'2026-01-07 02:16:30.561495',NULL,'combina-frigorifica-exquisit-f81d11',3,NULL),(176,'Combina frigorifica AEG RCB736E5MX','360 l, NoFrost, Display, Clasa E, H 201 cm, Inox','https://s13emagst.akamaized.net/products/31089/31088003/images/res_6acb1e6140a1bf12bbe4ab2f871ec81c.jpg',5203.00,100,NULL,1,NULL,NULL,'2026-01-07 02:16:30.562493',NULL,'combina-frigorifica-aeg-rcb736e5mx-5c13fb',3,NULL),(177,'Combina frigorifica Indesit LI9S1EW','372 l, Clasa F, Fast cooling, Less Frost, H 201 cm, Alb','https://s13emagst.akamaized.net/products/35253/35252094/images/res_389d781d6ef388084154b2b355745e6f.jpg',2740.00,100,NULL,1,NULL,NULL,'2026-01-07 02:16:30.563446',NULL,'combina-frigorifica-indesit-li9s1ew-8ac07a',3,NULL),(178,'Combina frigorifica Bomann','H 143 cm, capacitate 175 l, congelator 4 stele 53 litri, consum redus, 3 rafturi sticla securizata, 3 rafturi pe usa, compartiment legume/fructe, control temperatura, iluminat interior LED, usi reversibile, silentios, alb','https://s13emagst.akamaized.net/products/71138/71137112/images/res_0407c18495febaa0c07a7040094b2e8a.jpg',1968.79,100,NULL,1,NULL,NULL,'2026-01-07 02:16:30.564252',NULL,'combina-frigorifica-bomann-9f644a',3,NULL),(179,'Laptop Gaming Lenovo LOQ 15IAX9 cu procesor Intel® Core™ i5-12600HX pana la 4.6GHz','15.6\" Full HD, IPS, 144Hz, 16GB DDR5 RAM, 512GB SSD, NVIDIA® GeForce RTX™ 4050 6GB GDDR6, No OS, Luna Grey','https://s13emagst.akamaized.net/products/65080/65079229/images/res_2db71b6f4e44ac47630225185b84c947.jpg',4099.99,100,NULL,1,NULL,NULL,'2026-01-07 02:16:30.565010',NULL,'laptop-gaming-lenovo-loq-15iax9-cu-proce-8025dd',1,NULL),(180,'Laptop Gaming Lenovo LOQ 15IAX9 cu procesor Intel® Core™ i5-12600HX pana la 4.6GHz','15.6\" Full HD, IPS, 144Hz, 24GB DDR5 RAM, 512GB SSD, NVIDIA® GeForce RTX™ 3050 6GB GDDR6, No OS, Luna Grey','https://s13emagst.akamaized.net/products/65080/65079229/images/res_2db71b6f4e44ac47630225185b84c947.jpg',5579.23,100,NULL,1,NULL,NULL,'2026-01-07 02:16:30.565737',NULL,'laptop-gaming-lenovo-loq-15iax9-cu-proce-f08aee',1,NULL),(181,'Laptop ASUS X515KA cu procesor Intel® Celeron® N4500 pana la 2.8GHz','15.6\'\', Full HD, 8GB DDR4, 512GB SSD, Intel® UHD Graphics, No OS, Transparent Silver','https://s13emagst.akamaized.net/products/44858/44857104/images/res_eaa34df7b149d6fce60441715a05233c.jpg',2178.00,100,NULL,1,NULL,NULL,'2026-01-07 02:16:30.566393',NULL,'laptop-asus-x515ka-cu-procesor-intel-cel-c9a72f',1,NULL),(182,'Laptop Lenovo IdeaPad Slim 3 15ABR8 cu procesor AMD Ryzen™ 5 5625U pana la 4.3GHz','15.6\'\' Full HD, 16GB DDR4 RAM, 512GB SSD, AMD Radeon™ Graphics, No OS. Abyss Blue','https://s13emagst.akamaized.net/products/92504/92503741/images/res_1d8f8e39c55d502eb1ff1a489c77d553.jpg',3399.00,100,NULL,1,NULL,NULL,'2026-01-07 02:16:30.567024',NULL,'laptop-lenovo-ideapad-slim-3-15abr8-cu-p-40965d',1,NULL),(183,'Laptop Lenovo IdeaPad Slim 3 15ABR8 cu procesor AMD Ryzen™ 7 5825U pana la 4.5GHz','15.6\" Full HD, 16GB DDR4 RAM, 1TB SSD, AMD Radeon™ Graphics, No OS, Arctic Grey','https://s13emagst.akamaized.net/products/92504/92503744/images/res_d54285bfe1eb647a4136bdf15cdd21ee.jpg',3872.00,100,NULL,1,NULL,NULL,'2026-01-07 02:16:30.567627',NULL,'laptop-lenovo-ideapad-slim-3-15abr8-cu-p-16074e',1,NULL),(184,'Laptop Acer Aspire Lite 15 cu procesor Intel® Celeron® N4500 pana la 2.8GHz','15.6\'\', Full HD, IPS, 8GB LPDDR4X, 256GB SSD, Intel® UHD Graphic, No OS, Pure Silver','https://s13emagst.akamaized.net/products/87131/87130028/images/res_eadc1a99aa9d1995f6c62c7595c68d91.jpg',1199.99,100,NULL,1,NULL,NULL,'2026-01-07 02:16:30.568643',NULL,'laptop-acer-aspire-lite-15-cu-procesor-i-6ac318',1,NULL),(185,'Laptop ASUS X515 A516KA cu procesor Intel® Celeron® N4500 pana la 2.80 GHz','15.6\", Full HD, 8GB, 512GB SSD, Intel® UHD Graphics, No OS, Transparent Silver','https://s13emagst.akamaized.net/products/64569/64568942/images/res_d26d3eec6a0a63da31f90552d63484a1.jpg',2420.00,100,NULL,1,NULL,NULL,'2026-01-07 02:16:30.569907',NULL,'laptop-asus-x515-a516ka-cu-procesor-inte-c0276f',1,NULL),(186,'Laptop Lenovo IdeaPad 1 15AMN7 cu procesor AMD Ryzen™ 3 7320U pana la 4.1GHz','15.6\" Full HD, 8GB LPDDR5 RAM, 256GB SSD, AMD Radeon™ 610M Graphics, No OS, Cloud Grey','https://s13emagst.akamaized.net/products/53811/53810612/images/res_09b8504bedd4ca4c41ddb5f991ea0e8e.jpg',2299.00,100,NULL,1,NULL,NULL,'2026-01-07 02:16:30.570803',NULL,'laptop-lenovo-ideapad-1-15amn7-cu-proces-9c124b',1,NULL),(187,'Laptop ASUS Vivobook Go 15 L510KAB cu procesor Intel® Celeron® N4500 pana la 2.8GHz','15.6\'\', Full HD, 8GB DDR4 RAM, 512GB SSD, Intel® HD Graphics, No OS, Star Black','https://s13emagst.akamaized.net/products/92557/92556075/images/res_b2cb9af6dcb7cf354f31baf1878476a6.jpg',1299.99,100,NULL,1,NULL,NULL,'2026-01-07 02:16:30.571832',NULL,'laptop-asus-vivobook-go-15-l510kab-cu-pr-e62b85',1,NULL),(188,'Laptop Lenovo IdeaPad 3 15IAU7 cu procesor Intel® Core™ i3-1215U pana la 3.3GHz','15.6\" Full HD, 8GB DDR4 RAM, 256GB SSD, Intel® UHD Graphics, No OS, Arctic Grey','https://s13emagst.akamaized.net/products/84299/84298299/images/res_3b07feb0661fa271ddac59227bb6dc85.png',2698.99,100,NULL,1,NULL,NULL,'2026-01-07 02:16:30.573654',NULL,'laptop-lenovo-ideapad-3-15iau7-cu-proces-ad06f8',1,NULL),(189,'Laptop Lenovo IdeaPad 1 15AMN7 cu procesor AMD Ryzen™ 3 7320U pana la 4.1GHz','15.6\" Full HD, 16GB LPDDR5 RAM, 512GB SSD, AMD Radeon™ 610M Graphics, No OS, Cloud Grey','https://s13emagst.akamaized.net/products/53811/53810612/images/res_09b8504bedd4ca4c41ddb5f991ea0e8e.jpg',1942.88,100,NULL,1,NULL,NULL,'2026-01-07 02:16:30.575307',NULL,'laptop-lenovo-ideapad-1-15amn7-cu-proces-711570',1,NULL),(190,'Laptop Apple MacBook Pro 14\" cu procesor Apple M5','10 nuclee CPU si 10 nuclee GPU, 24GB RAM, 1TB SSD, Silver, Tastatura Internationala, Manual RO','https://s13emagst.akamaized.net/products/106490/106489174/images/res_3bb9a2c4aaff04828100347e1276fbdd.jpg',14938.66,100,NULL,1,NULL,NULL,'2026-01-07 02:16:30.576354',NULL,'laptop-apple-macbook-pro-14-cu-procesor--4ebeff',1,NULL),(191,'Laptop Lenovo V15 G4 IRU cu procesor lntel® Core™ i5-13420H pana la 4.6GHz','15.6\", Full HD, IPS, 16GB DDR4 RAM, 1TB SSD, Intel® UHD Graphics, No OS, Business Black','https://s13emagst.akamaized.net/products/62513/62512826/images/res_5ed5b3469e174c7ff8f4aee17b5d1435.jpg',2499.99,100,NULL,1,NULL,NULL,'2026-01-07 02:16:30.577287',NULL,'laptop-lenovo-v15-g4-iru-cu-procesor-lnt-4c395e',1,NULL),(192,'Laptop Gaming Acer Nitro Lite 16 NL16-71G-57M9 cu procesor Intel® Core™ i5-13420H pana la 4.7GHz','16\'\', WUXGA, IPS, 165Hz, 16GB DDR5 RAM, 512GB SSD, NVIDIA® GeForce RTX™ 3050 6GB GDDR6, No OS, Shale Black','https://s13emagst.akamaized.net/products/102549/102548807/images/res_8f771268ff6e0ad8898c3ccdbad6673f.png',3499.99,100,NULL,1,NULL,NULL,'2026-01-07 02:16:30.578129',NULL,'laptop-gaming-acer-nitro-lite-16-nl1671g-ff90d1',1,NULL),(193,'Laptop ASUS Vivobook 15 A1502VA cu procesor Intel® Core™ i5-13420H pana la 4.6GHz','15.6\'\', Full HD, IPS, 16GB DDR4 RAM, 512GB SSD, Intel® HD Graphics, No OS, Cool Silver','https://s13emagst.akamaized.net/products/74397/74396321/images/res_1a28506f1370d79cbbae9babf60dbb51.jpg',3388.00,100,NULL,1,NULL,NULL,'2026-01-07 02:16:30.578877',NULL,'laptop-asus-vivobook-15-a1502va-cu-proce-2f9c8b',1,NULL),(194,'Laptop Gaming ASUS TUF A15 cu procesor AMD Ryzen™ 7 7445HS pana la 4.70 GHz','15.6\'\', Full HD, 144Hz, IPS, 16GB DDR5 RAM, 1TB SSD, NVIDIA® GeForce RTX™ 3050 4GB GDDR6, No OS, Graphite Black','https://s13emagst.akamaized.net/products/102548/102547107/images/res_a0dc6976450cb2a461d1ff1a440ab85a.jpg',3999.99,100,NULL,1,NULL,NULL,'2026-01-07 02:16:30.579637',NULL,'laptop-gaming-asus-tuf-a15-cu-procesor-a-7e4845',1,NULL),(195,'Laptop Gaming Lenovo Lenovo LOQ 17IRX10 cu procesor Intel® Core™ i7-13650HX pana la 4.9GHz','17.3\" Full HD, IPS, 165Hz, 24GB DDR5 RAM, 1TB SSD, NVIDIA® GeForce RTX™ 5060 8GB GDDR7, No OS, Luna Grey','https://s13emagst.akamaized.net/products/98129/98128179/images/res_4803206807f9500cddda725c5c88494a.jpg',6699.99,100,NULL,1,NULL,NULL,'2026-01-07 02:16:30.580450',NULL,'laptop-gaming-lenovo-lenovo-loq-17irx10--1baaef',1,NULL),(196,'Laptop Gaming ASUS TUF A17 cu procesor AMD Ryzen™ 7 7445HS pana la 4.70 GHz','17.3\'\', Full HD, 144Hz, IPS, 16GB DDR5 RAM, 1TB SSD, NVIDIA® GeForce RTX™ 4050 6GB GDDR6, No OS, Mecha Gray','https://s13emagst.akamaized.net/products/104245/104244202/images/res_62e5a333bc0e7d724e7feef348bfff69.png',4999.99,100,NULL,1,NULL,NULL,'2026-01-07 02:16:30.581227',NULL,'laptop-gaming-asus-tuf-a17-cu-procesor-a-f2a012',1,NULL),(197,'Laptop ASUS Vivobook 16 X1605VA cu procesor Intel® Core™ i9-13900H pana la 5.4GHz','16\'\' WUXGA, IPS, 16GB DDR4 RAM, 1TB SSD, Intel Iris Xᵉ Graphics, No OS, Indie Black','https://s13emagst.akamaized.net/products/89107/89106127/images/res_59245741a16a8e6ca9093b5b4673b0e2.jpg',6055.00,100,NULL,1,NULL,NULL,'2026-01-07 02:16:30.582038',NULL,'laptop-asus-vivobook-16-x1605va-cu-proce-7fd5f3',1,NULL),(198,'Laptop Gaming Lenovo LOQ 15IAX9 cu procesor Intel® Core™ i5-12600HX pana la 4.6GHz','15.6\" Full HD, IPS, 16GB DDR5 RAM, 512GB SSD, 144Hz, NVIDIA® GeForce RTX™ 3050 6GB GDDR6, No OS, Luna Grey','https://s13emagst.akamaized.net/products/65080/65079229/images/res_2db71b6f4e44ac47630225185b84c947.jpg',3499.99,100,NULL,1,NULL,NULL,'2026-01-07 02:16:30.582984',NULL,'laptop-gaming-lenovo-loq-15iax9-cu-proce-35932e',1,NULL),(199,'Laptop ASUS VivoBook 15 A1504ZA cu procesor Intel®Core™ i3-1215U pana la 4.40 GHz','15.6\", Full HD, 8GB, 512GB SSD, Intel® UHD Graphics, No OS, Cool Silver','https://s13emagst.akamaized.net/products/58384/58383712/images/res_4fd67339fc816b44db3efc66994b0611.jpg',2420.00,100,NULL,1,NULL,NULL,'2026-01-07 02:16:30.583901',NULL,'laptop-asus-vivobook-15-a1504za-cu-proce-bfa954',1,NULL),(200,'Laptop Gaming ASUS TUF A17 FA707NUG cu procesor AMD Ryzen™ 7 7445HS pana la 4.7GHz','17.3\'\', Full HD, 144Hz, IPS, 16GB DDR5 RAM, 1TB SSD, NVIDIA® GeForce RTX™ 4050 6GB GDDR6, No OS, Mecha Gray','https://s13emagst.akamaized.net/products/100907/100906731/images/res_8fb77e71e2a0b80dae38f4381655a2b4.png',6655.00,100,NULL,1,NULL,NULL,'2026-01-07 02:16:30.584793',NULL,'laptop-gaming-asus-tuf-a17-fa707nug-cu-p-6cd7ae',1,NULL),(201,'Laptop ASUS X515 A516KA cu procesor Intel® Celeron® N4500 pana la 2.80GHz','15.6\", Full HD, 8GB DDR4 RAM, 512GB SSD, Intel® UHD Graphics, No OS, Slate Grey','https://s13emagst.akamaized.net/products/64569/64568941/images/res_ac4397f66b6bf611b6fc061c57ca43c4.jpg',7865.00,100,NULL,1,NULL,NULL,'2026-01-07 02:16:30.586059',NULL,'laptop-asus-x515-a516ka-cu-procesor-inte-228642',1,NULL),(202,'Laptop Gaming Lenovo Legion 5 15IRX10 cu procesor Intel® Core™ i7-13650HX pana la 3.6GHz','15.3\'\' WUXGA, 24GB RAM, 1TB SSD, NVIDIA® GeForce RTX™ 5060 8GB GDDR6, No OS, Eclipse Black, 3y on-site Premium Care','https://s13emagst.akamaized.net/products/95386/95385059/images/res_07dba8c97424b9725c70b46c29236d37.jpg',6599.99,100,NULL,1,NULL,NULL,'2026-01-07 02:16:30.586988',NULL,'laptop-gaming-lenovo-legion-5-15irx10-cu-15259e',1,NULL),(203,'Laptop Apple MacBook Air 13\"','cu procesor Apple M4, 10 nuclee CPU si 8 nuclee GPU, 16GB RAM, 256GB, Midnight, Tastatura Internationala, Manual RO','https://s13emagst.akamaized.net/products/88283/88282977/images/res_a6c650c79a72885951461ac3b97b0380.jpg',5199.99,100,NULL,1,NULL,NULL,'2026-01-07 02:16:30.587906',NULL,'laptop-apple-macbook-air-13-9d2334',1,NULL),(204,'Laptop Apple MacBook Air 13\"','cu procesor Apple M4, 10 nuclee CPU si 8 nuclee GPU, 16GB RAM, 256GB, Silver, Tastatura Internationala, Manual RO','https://s13emagst.akamaized.net/products/88283/88282966/images/res_3a744f77d766c57293dcd009e7affa63.jpg',4999.99,100,NULL,1,NULL,NULL,'2026-01-07 02:16:30.588979',NULL,'laptop-apple-macbook-air-13-6df086',1,NULL),(205,'Laptop HP 255 G10 cu procesor AMD Ryzen™ 5 7530U pana la 4.5GHz','15.6\" , IPS, Full HD, 16GB DDR4 RAM, 512GB SSD, AMD Radeon™ Graphics, Free DOS, Dark ash silver','https://s13emagst.akamaized.net/products/78347/78346390/images/res_bce8be4ac4ab0af00e9dd2758ad7a5a6.jpg',1969.67,100,NULL,1,NULL,NULL,'2026-01-07 02:16:30.590678',NULL,'laptop-hp-255-g10-cu-procesor-amd-ryzen--b11bc1',1,NULL),(206,'Laptop Apple MacBook Air 13\" cu procesor Apple M2','8 nuclee CPU si 8 nuclee GPU, 16GB RAM, 256GB SSD, Midnight, INT KB','https://s13emagst.akamaized.net/products/46530/46529799/images/res_3b47b1f9f918618aa260a53bfbbb426d.jpg',4299.99,100,NULL,1,NULL,NULL,'2026-01-07 02:16:30.591955',NULL,'laptop-apple-macbook-air-13-cu-procesor--0df1f8',1,NULL),(207,'Laptop Apple MacBook Air 13\"','cu procesor Apple M4, 10 nuclee CPU si 8 nuclee GPU, 16GB RAM, 256GB, Sky Blue, Tastatura Internationala, Manual RO','https://s13emagst.akamaized.net/products/88283/88282976/images/res_5c960c1dd00b776f0a71c8673e11eae5.jpg',5199.99,100,NULL,1,NULL,NULL,'2026-01-07 02:16:30.592994',NULL,'laptop-apple-macbook-air-13-0574f8',1,NULL),(208,'Laptop Dell Vostro 3530 cu procesor Intel Core i5-1334U','15.6\", Full HD, 16GB RAM, 1TB SSD, Windows 11 Pro, Black','https://s13emagst.akamaized.net/products/84974/84973160/images/res_72d3083a29556ad958cf495fba95911e.jpg',2798.89,100,NULL,1,NULL,NULL,'2026-01-07 02:16:30.593973',NULL,'laptop-dell-vostro-3530-cu-procesor-inte-cf315d',1,NULL),(209,'Laptop Gaming ASUS TUF A15 FA506NCG','Display 15.6\" FHD (1920 x 1080), Procesor AMD Ryzen™ 7 7445HS, Memorie RAM 16GB DDR5, Capacitate de stocare 512GB SSD, Placa video dedicata NVIDIA GeForce RTX 3050 4GB, No OS, Negru (INT Keyboard)','https://s13emagst.akamaized.net/products/101046/101045242/images/res_fa929a1e9848a0b4b8dc6ab73ed43765.jpg',3399.01,100,NULL,1,NULL,NULL,'2026-01-07 02:16:30.594701',NULL,'laptop-gaming-asus-tuf-a15-fa506ncg-5c5448',1,NULL),(210,'Laptop Lenovo V15 G2 IJL cu procesor Intel® Celeron® N4500 pana la 2.8 GHz','15.6\", Full HD, 8GB, 256GB SSD, Intel® UHD Graphics, No OS, Black, 3y Courier or Carry-in','https://s13emagst.akamaized.net/products/63836/63835926/images/res_89841868942f863deac4399b083bcda4.jpg',2299.00,100,NULL,1,NULL,NULL,'2026-01-07 02:16:30.595447',NULL,'laptop-lenovo-v15-g2-ijl-cu-procesor-int-d29b8a',1,NULL),(211,'Laptop Apple MacBook Air 15\"','cu procesor Apple M4, 10 nuclee CPU si 10 nuclee GPU, 16GB RAM, 512GB, Midnight, Tastatura Internationala, Manual RO','https://s13emagst.akamaized.net/products/88283/88282978/images/res_92ff41e04082a5776e4b3a92cfd46bd9.jpg',6749.99,100,NULL,1,NULL,NULL,'2026-01-07 02:16:30.596389',NULL,'laptop-apple-macbook-air-15-f298c3',1,NULL),(212,'Laptop Lenovo IdeaPad Slim 3 15IRH10 cu procesor Intel® Core™ i5-13420H pana la 4.6GHz','15.3\" WUXGA, IPS, 16GB DDR5 RAM, 512GB SSD, Intel® UHD Graphics, No OS, METAL, Luna Grey','https://s13emagst.akamaized.net/products/92504/92503738/images/res_5d505faf5b8f4b1abe16166f6248e5ff.jpg',2299.99,100,NULL,1,NULL,NULL,'2026-01-07 02:16:30.597255',NULL,'laptop-lenovo-ideapad-slim-3-15irh10-cu--e5953d',1,NULL),(213,'Laptop Gaming Lenovo Legion Pro 5 16AFR10 cu procesor AMD Ryzen™ 9 9955HX pana la 5.40 GHz','16\" WQXGA OLED, 32GB RAM, 2 x 1TB SSD M.2 2280, NVIDIA® GeForce RTX™ 5070 8GB GDDR7, No OS, Eclipse Black','https://s13emagst.akamaized.net/products/95386/95385061/images/res_b2be57d5adc9334ff5689ea7921ca270.jpg',10999.99,100,NULL,1,NULL,NULL,'2026-01-07 02:16:30.598035',NULL,'laptop-gaming-lenovo-legion-pro-5-16afr1-845be3',1,NULL),(214,'Laptop ASUS Vivobook 15 M1502YA cu procesor AMD Ryzen™ 7 7730U pana la 4.5GHz','15.6\'\', Full HD, IPS, 16GB DDR4, 512GB SSD, AMD Radeon™ Graphics, No OS, Cool Silver','https://s13emagst.akamaized.net/products/69097/69096367/images/res_df23351cab24c64574259ab117a4c2ef.jpg',2499.99,100,NULL,1,NULL,NULL,'2026-01-07 02:16:30.598915',NULL,'laptop-asus-vivobook-15-m1502ya-cu-proce-495737',1,NULL),(215,'Laptop Lenovo IdeaPad Slim 3 16IRH10 cu procesor Intel® Core™ i7-13620H pana la 4.9GHz','16\" WUXGA, IPS, 24GB DDR5 RAM, 1TB SSD, Intel® UHD Graphics, No OS, Cosmic Blue, Aluminiu','https://s13emagst.akamaized.net/products/92504/92503758/images/res_f15c7e797ee835de9d425be20fbaaec2.jpg',3399.99,100,NULL,1,NULL,NULL,'2026-01-07 02:16:30.599652',NULL,'laptop-lenovo-ideapad-slim-3-16irh10-cu--e33fac',1,NULL),(216,'Laptop Lenovo IdeaPad Slim 3 15IAN8 cu procesor Intel® N200 pana la 3.7GHz','15.6\" Full HD, 4GB LPDDR5 RAM, 128GB UFS, Intel UHD Graphics, Windows 11 Home, Arctic Grey','https://s13emagst.akamaized.net/products/107426/107425183/images/res_99cb2ce684ff3a78aedf71af3fa4d65a.jpg',1299.99,100,NULL,1,NULL,NULL,'2026-01-07 02:16:30.600408',NULL,'laptop-lenovo-ideapad-slim-3-15ian8-cu-p-7027bc',1,NULL),(217,'Laptop Lenovo IdeaPad Slim 3 15IAN8 cu procesor Intel® N100 pana la 3.4GHz','15.6\" FHD, 8GB LPDDR5, 128GB UFS, Intel® UHD Graphics, Windows® 11 Home S, Arctic Grey','https://s13emagst.akamaized.net/products/111116/111115893/images/res_364eaf9f7622ac2ab75ec75924a3f32a.png',1249.99,100,NULL,1,NULL,NULL,'2026-01-07 02:16:30.601277',NULL,'laptop-lenovo-ideapad-slim-3-15ian8-cu-p-45bcef',1,NULL),(218,'Laptop Apple MacBook Pro 14\" cu procesor Apple M5','10 nuclee CPU si 10 nuclee GPU, 16GB RAM, 512GB SSD, Space Black, Tastatura Internationala, Manual RO','https://s13emagst.akamaized.net/products/106490/106489167/images/res_f1247cef6fa1fdfb6e29df8d97e4153f.jpg',8767.38,100,NULL,1,NULL,NULL,'2026-01-07 02:16:30.602347',NULL,'laptop-apple-macbook-pro-14-cu-procesor--cbedc1',1,NULL),(219,'Laptop Auusda','Procesor Centrino N95 (pana la 3.4 GHz), 16GB RAM, SSD 512GB, Ecran IPS 15.6\" FHD, Tastatura Iluminata, Windows 11 Pro, Intel UHD Graphics, Roz','https://s13emagst.akamaized.net/products/86945/86944182/images/res_c4c66f32a4f49c0bbc919bca2d70c40c.jpg',1999.00,100,NULL,1,NULL,NULL,'2026-01-07 02:16:30.603568',NULL,'laptop-auusda-88d6b0',1,NULL),(220,'Laptop Lenovo IdeaPad Slim 5 14ARP10 cu procesor AMD Ryzen™ 7 7735HS pana la 4.75GHz','14\" WUXGA, OLED, 32GB DDR5 RAM, 1TB SSD, AMD Radeon™ 680M Graphics, No OS, Cosmic Blue','https://s13emagst.akamaized.net/products/97173/97172793/images/res_24b74bc008bc45bacd89a7475ead9f8b.jpg',3599.99,100,NULL,1,NULL,NULL,'2026-01-07 02:16:30.604586',NULL,'laptop-lenovo-ideapad-slim-5-14arp10-cu--c86b7d',1,NULL),(221,'Laptop Apple MacBook Air 15\"','cu procesor Apple M4, 10 nuclee CPU si 10 nuclee GPU, 16GB RAM, 256GB, Silver, Tastatura Internationala, Manual RO','https://s13emagst.akamaized.net/products/88283/88282980/images/res_e5581e5d397aa6adca28874c7d7cce8f.jpg',6299.99,100,NULL,1,NULL,NULL,'2026-01-07 02:16:30.605492',NULL,'laptop-apple-macbook-air-15-172336',1,NULL),(222,'Laptop Lenovo IdeaPad 1 15IJL7 cu procesor Intel® Celeron® N4500 pana la 2.8GHz','15.6\" Full HD, 4GB DDR4 RAM, 256GB SSD, Intel® UHD Graphics, No OS, Cloud Grey','https://s13emagst.akamaized.net/products/76179/76178169/images/res_377fb7185ff27bcbb4ee2c5f374eb988.jpg',1874.99,100,NULL,1,NULL,NULL,'2026-01-07 02:16:30.607783',NULL,'laptop-lenovo-ideapad-1-15ijl7-cu-proces-5ae280',1,NULL),(223,'Laptop ASUS Vivobook 15 X1504VA cu procesor Intel® Core™ i3-1315U pana la 4.5GHz','15.6\'\', Full HD, IPS, 8GB DDR4, 512GB SSD, Intel® UHD Graphics, No OS, Terra Cotta','https://s13emagst.akamaized.net/products/61435/61434235/images/res_bf6c26cf7d8676f36c07df201437b380.jpg',2879.80,100,NULL,1,NULL,NULL,'2026-01-07 02:16:30.609479',NULL,'laptop-asus-vivobook-15-x1504va-cu-proce-42d710',1,NULL),(224,'Laptop Gaming Acer Nitro Lite 16 NL16-71G-751G cu procesor Intel® Core™ i7-13620H pana la 4.90 GHz','16\'\', WUXGA, IPS, 165Hz, 16GB DDR5 RAM, 512GB SSD, NVIDIA® GeForce RTX™ 3050 6GB GDDR6, No OS, Shale Black','https://s13emagst.akamaized.net/products/102549/102548806/images/res_02bda2a7bbfe16b033179dc2b9179068.png',3899.99,100,NULL,1,NULL,NULL,'2026-01-07 02:16:30.610763',NULL,'laptop-gaming-acer-nitro-lite-16-nl1671g-debe75',1,NULL),(225,'Laptop Dell Vostro 3530 cu procesor Intel® Core™ i7-1355U pana la 5.0GHz','15.6\'\', Full HD, IPS, 120Hz, 16GB DDR4 RAM, 512GB SSD, Intel® Iris® Xe Graphics, Windows 11 Pro, Black','https://s13emagst.akamaized.net/products/58680/58679404/images/res_dd86bfac2b4e3aeae9a541d28ac45f76.jpg',3334.22,100,NULL,1,NULL,NULL,'2026-01-07 02:16:30.611749',NULL,'laptop-dell-vostro-3530-cu-procesor-inte-1e0ff7',1,NULL),(226,'Laptop Gaming Lenovo LOQ 15IRX9 cu procesor Intel® Core™ i7-13650HX pana la 4.9 GHz','15.6\", Full HD, IPS, 16GB, 1TB SSD, NVIDIA® GeForce RTX™ 4050 6GB GDDR6, No OS, Luna Grey','https://s13emagst.akamaized.net/products/64317/64316468/images/res_7a0ad9421d16ceffdb6af5c44a520de9.jpg',4799.99,100,NULL,1,NULL,NULL,'2026-01-07 02:16:30.612603',NULL,'laptop-gaming-lenovo-loq-15irx9-cu-proce-24da3d',1,NULL),(227,'Laptop Apple MacBook Air 13\"','cu procesor Apple M4, 10 nuclee CPU si 10 nuclee GPU, 16GB RAM, 512GB, Midnight, Tastatura Internationala, Manual RO','https://s13emagst.akamaized.net/products/88283/88282977/images/res_a6c650c79a72885951461ac3b97b0380.jpg',6299.99,100,NULL,1,NULL,NULL,'2026-01-07 02:16:30.613388',NULL,'laptop-apple-macbook-air-13-5c8813',1,NULL),(228,'Laptop HP 250 G10 cu procesor Intel® Core™ i3 1315U pana la 4.5GHz','15.6\'\' Full HD, 8GB DDR4 RAM, 256GB SSD, Intel® UHD Graphics, Free DOS, Dark ash silver','https://s13emagst.akamaized.net/products/101121/101120071/images/res_241645cc9159d1c19f59df2a4315cafb.png',1599.99,100,NULL,1,NULL,NULL,'2026-01-07 02:16:30.614187',NULL,'laptop-hp-250-g10-cu-procesor-intel-core-5fde02',1,NULL),(229,'Laptop Lenovo IdeaPad Slim 3 15ARP10 cu procesor AMD Ryzen™ 7 7735HS pana la 4.75GHz','15.3\'\', WUXGA, IPS, 16GB DDR5 RAM, 512GB SSD, AMD Radeon™ 680M Graphics, No OS, Cosmic Blue','https://s13emagst.akamaized.net/products/97173/97172783/images/res_48d0e06befb1c168f7f3a80b072e0feb.jpg',2499.99,100,NULL,1,NULL,NULL,'2026-01-07 02:16:30.615013',NULL,'laptop-lenovo-ideapad-slim-3-15arp10-cu--94f119',1,NULL),(230,'Laptop Lenovo IdeaPad Slim 3 15IRH10 cu procesor Intel® Core™ i5-13420H pana la 4.6GHz','15.3\" WUXGA, 16GB DDR5 RAM, 1TB SSD, Intel® UHD Graphics, No OS, METAL, Cosmic Blue','https://s13emagst.akamaized.net/products/92504/92503751/images/res_c3e76a5afc3ce87a14a6d47443477169.png',2499.99,100,NULL,1,NULL,NULL,'2026-01-07 02:16:30.615793',NULL,'laptop-lenovo-ideapad-slim-3-15irh10-cu--ea65d3',1,NULL),(231,'Laptop Lenovo V15 G3 IAP cu procesor Intel® Core™ i5-1235U pana la 4.40 GHz','15.6\", Full HD, 8GB, 512GB SSD, Intel UHD Graphics, No OS, Black','https://s13emagst.akamaized.net/products/52746/52745310/images/res_b004865b96b1da4cbf40854826947a83.jpg',4114.00,100,NULL,1,NULL,NULL,'2026-01-07 02:16:30.631277',NULL,'laptop-lenovo-v15-g3-iap-cu-procesor-int-9eccc5',1,NULL),(232,'Laptop Gaming Lenovo Legion Pro 7 16IAX10H cu procesor Intel® Core Ultra 9 275HX pana la 5.4GHz','16\" WQXGA, OLED, 240Hz, 32GB DDR5 RAM, 1TB SSD, NVIDIA® GeForce RTX™ 5080 16GB GDDR7, Windows® 11 Pro, Eclipse Black, 3y on-site Premium Care','https://s13emagst.akamaized.net/products/109364/109363155/images/res_3901a4023dee4b2650bc1ccd7cce5ea8.png',16999.99,100,NULL,1,NULL,NULL,'2026-01-07 02:16:30.632886',NULL,'laptop-gaming-lenovo-legion-pro-7-16iax1-7b56e5',1,NULL),(233,'Laptop ASUS X515MA-EJ493 cu procesor Intel Celeron N4020','15.6\" FHD, 8GB, 256GB SSD, Intel UHD Graphics 600, No OS, Transparent Silver','https://s13emagst.akamaized.net/products/38849/38848059/images/res_0e6534b589d9873d5ed85195a5a6caf7.jpg',2178.00,100,NULL,1,NULL,NULL,'2026-01-07 02:16:30.633727',NULL,'laptop-asus-x515maej493-cu-procesor-inte-25ed7f',1,NULL),(234,'Laptop ASUS VivoBook 15 X1504ZA cu procesor Intel®Core™ i3-1215U pana la 4.40 GHz','15.6\", Full HD, 8GB, 512GB SSD, Intel® UHD Graphics, No OS, Quiet Blue','https://s13emagst.akamaized.net/products/64569/64568945/images/res_b8f2d83b637c7eeaeec8b5bfa58a7e99.jpg',2601.50,100,NULL,1,NULL,NULL,'2026-01-07 02:16:30.634327',NULL,'laptop-asus-vivobook-15-x1504za-cu-proce-4281ce',1,NULL),(235,'Laptop LENOVO IdeaPad Slim 3 15ABR8','AMD Ryzen 5 5625U pana la 4.3GHz, 15.6\" Full HD, 8GB, 512GB, AMD Radeon Graphics, no OS, Arctic Grey','https://s13emagst.akamaized.net/products/92505/92504906/images/res_03be2b43249d669a28b1328194a43a71.jpg',1975.00,100,NULL,1,NULL,NULL,'2026-01-07 02:16:30.634892',NULL,'laptop-lenovo-ideapad-slim-3-15abr8-fa08a4',1,NULL),(236,'Laptop ASUS Vivobook 16 X1605VA cu procesor Intel® Core™ i9-13900H pana la 5.4 GHz','16\'\', WUXGA, IPS, 32GB DDR4 RAM, 1TB SSD, Intel Iris Xᵉ Graphics, No OS, Indie Black','https://s13emagst.akamaized.net/products/89107/89106127/images/res_59245741a16a8e6ca9093b5b4673b0e2.jpg',7744.00,100,NULL,1,NULL,NULL,'2026-01-07 02:16:30.635541',NULL,'laptop-asus-vivobook-16-x1605va-cu-proce-146ada',1,NULL),(237,'Laptop Lenovo ThinkBook 15 G4 IAP cu procesor Intel® Core™ i7-1255U pana la 4.70 GHz','15.6\", Full HD, IPS, 16GB DDR4, 512GB SSD, Intel® Iris® Xe Graphics, No OS, Mineral Grey','https://s13emagst.akamaized.net/products/53203/53202368/images/res_def704ac335c37fd65bc1c733cfae0c8.jpg',7502.00,100,NULL,1,NULL,NULL,'2026-01-07 02:16:30.636210',NULL,'laptop-lenovo-thinkbook-15-g4-iap-cu-pro-9a01da',1,NULL),(238,'Laptop Gaming MSI Cyborg 15 B13WEKG cu procesor Intel® Core™ i7-13620H pana la 4.90 GHz','15.6\", Full HD, 144Hz, 16GB RAM, 512GB SSD, NVIDIA GeForce RTX 5050 8GB, Free DOS','https://s13emagst.akamaized.net/products/108636/108635681/images/res_e71c879a23668b1784b17a6c1b0c522a.jpg',4899.99,100,NULL,1,NULL,NULL,'2026-01-07 02:16:30.636873',NULL,'laptop-gaming-msi-cyborg-15-b13wekg-cu-p-137a29',1,NULL),(239,'Laptop Apple MacBook Air 13\"','cu procesor Apple M4, 10 nuclee CPU si 8 nuclee GPU, 16GB RAM, 256GB, Starlight, Tastatura Internationala, Manual RO','https://s13emagst.akamaized.net/products/88283/88282967/images/res_ae94cd528e529912010f371041184b04.jpg',5179.99,100,NULL,1,NULL,NULL,'2026-01-07 02:16:30.637644',NULL,'laptop-apple-macbook-air-13-a17856',1,NULL),(240,'Laptop Lenovo IdeaPad Slim 3 15IRU8 cu procesor Intel® Processor U300 pana la 4.4GHz','15.6\" Full HD, 4GB LPDDR5, 128GB SSD, Intel® UHD Graphics, Windows 11 Home in S mode, Abyss Blue','https://s13emagst.akamaized.net/products/98934/98933785/images/res_9d969b81c838fad133c1d13b1c5a30b0.png',1499.99,100,NULL,1,NULL,NULL,'2026-01-07 02:16:30.638785',NULL,'laptop-lenovo-ideapad-slim-3-15iru8-cu-p-28bc4b',1,NULL),(241,'Laptop ASUS Vivobook 16 M1605YA cu procesor AMD Ryzen™ 5 7430U pana la 4.3GHz','16\'\', WUXGA, IPS, 16GB DDR4 RAM, 512GB SSD, AMD Radeon™ Graphics, No OS, Indie Black','https://s13emagst.akamaized.net/products/69097/69096368/images/res_b41efede40fa49a275c5f4c885558226.jpg',2499.99,100,NULL,1,NULL,NULL,'2026-01-07 02:16:30.640125',NULL,'laptop-asus-vivobook-16-m1605ya-cu-proce-07f782',1,NULL),(242,'Laptop Lenovo IdeaPad Slim 3 15IAN8 cu procesor Intel® N100 pana la 3.4GHz','15.6\" Full HD, 4GB LPDDR5 RAM, 256GB SSD, Intel UHD Graphics, No OS, Arctic Grey','https://s13emagst.akamaized.net/products/107426/107425183/images/res_99cb2ce684ff3a78aedf71af3fa4d65a.jpg',1099.99,100,NULL,1,NULL,NULL,'2026-01-07 02:16:30.641294',NULL,'laptop-lenovo-ideapad-slim-3-15ian8-cu-p-bcc870',1,NULL),(243,'Laptop ASUS Vivobook 15 M1502YA cu procesor AMD Ryzen™ 7 5825U pana la 4.5GHz','15.6\'\', Full HD, IPS, 16GB DDR4 RAM, 512GB SSD, AMD Radeon™ Graphics, No OS, Quiet Blue','https://s13emagst.akamaized.net/products/91570/91569611/images/res_e3a32d5cc2f507039eb2fe228d73e055.jpg',2399.99,100,NULL,1,NULL,NULL,'2026-01-07 02:16:30.642306',NULL,'laptop-asus-vivobook-15-m1502ya-cu-proce-10d306',1,NULL),(244,'Laptop Lenovo V15 G4 AMN cu procesor AMD Ryzen™ 5 7520U pana la 4.30 GHz','15.6\", Full HD, 8GB DDR5, 256GB SSD, AMD Radeon™ 610M Graphics, No OS, Business Black','https://s13emagst.akamaized.net/products/57979/57978332/images/res_669bb9446d40475f5c867e9516ccad2a.jpg',3146.00,100,NULL,1,NULL,NULL,'2026-01-07 02:16:30.643245',NULL,'laptop-lenovo-v15-g4-amn-cu-procesor-amd-1136e8',1,NULL),(245,'Laptop Gaming Lenovo Legion 5 15IAX10 cu procesor Intel® Core™ Ultra 9 275HX pana la 5.4GHz','15.1\" WQXGA, OLED, 165Hz, 32GB DDR5 RAM, 1TB SSD, NVIDIA® GeForce RTX™ 5070 8GB GDDR7, No OS, Eclipse Black, 3y on-site Premium Care','https://s13emagst.akamaized.net/products/97173/97172781/images/res_867f44f0998ab3ca549ed21edfd2dbe4.jpg',9449.99,100,NULL,1,NULL,NULL,'2026-01-07 02:16:30.644101',NULL,'laptop-gaming-lenovo-legion-5-15iax10-cu-ee8074',1,NULL),(246,'Laptop Business Dell Pro 15 Essential cu procesor Intel Core i7-1355U','15.6\", Full HD, 120Hz, 16GB RAM, 512GB SSD, Windows 11 Pro','https://s13emagst.akamaized.net/products/112361/112360234/images/res_3f7b27af6f87ee94dd953eb969368e1e.jpg',3198.89,100,NULL,1,NULL,NULL,'2026-01-07 02:16:30.644835',NULL,'laptop-business-dell-pro-15-essential-cu-bba9d6',1,NULL),(247,'Laptop Gaming Acer Nitro V 15 ANV15-52-54CB cu procesor Intel® Core™ i5-13420H pana la 4.7GHz','15.6\" Full HD, IPS, 165Hz, 16GB DDR4 RAM, 1TB SSD. NVIDIA® GeForce RTX™ 5050 8GB GDDR7, No OS, Obsidian Black','https://s13emagst.akamaized.net/products/100988/100987647/images/res_fdf66a9f36cc31e2dbe0cfcb6157cb0c.jpg',4899.99,100,NULL,1,NULL,NULL,'2026-01-07 02:16:30.645403',NULL,'laptop-gaming-acer-nitro-v-15-anv155254c-2fce34',1,NULL),(248,'Laptop Apple MacBook Pro 14\" cu procesor Apple M5','10 nuclee CPU si 10 nuclee GPU, 24GB RAM, 1TB SSD, Space Black, Tastatura Internationala, Manual RO','https://s13emagst.akamaized.net/products/106490/106489167/images/res_f1247cef6fa1fdfb6e29df8d97e4153f.jpg',11799.99,100,NULL,1,NULL,NULL,'2026-01-07 02:16:30.646157',NULL,'laptop-apple-macbook-pro-14-cu-procesor--20e786',1,NULL),(249,'Laptop Gaming ASUS ROG Strix G18 G814PM cu procesor AMD Ryzen™ 9 8940HX pana la 5.3GHz','18\'\', Full HD+, WUXGA, 144Hz, IPS, 32GB DDR5 RAM, 1TB SSD, NVIDIA® GeForce RTX™ 5060 8GB GDDR7, No OS, Eclipse Gray','https://s13emagst.akamaized.net/products/100742/100741583/images/res_a7c006605443b4c8845f1d76bba290f4.jpg',9499.99,100,NULL,1,NULL,NULL,'2026-01-07 02:16:30.646901',NULL,'laptop-gaming-asus-rog-strix-g18-g814pm--303d93',1,NULL),(250,'Laptop Lenovo IdeaPad Slim 5 16ARP10 cu procesor AMD Ryzen™ 5 7535HS pana 4.55GHz','16\" WUXGA, IPS, 16GB DDR5 RAM, 512GB SSD, AMD Radeon™ 660M Graphics, No OS, Luna Grey','https://s13emagst.akamaized.net/products/97173/97172811/images/res_98f9883d1a009616051d7b1953fb0d23.png',2749.99,100,NULL,1,NULL,NULL,'2026-01-07 02:16:30.647823',NULL,'laptop-lenovo-ideapad-slim-5-16arp10-cu--7a70fe',1,NULL),(251,'Laptop ASUS ExpertBook P1 P1503CVA cu procesor Intel® Core™ i7-13700H pana la 5.0GHz','15.6\'\', Full HD, 16GB DDR5 RAM, 512GB SSD, Intel® UHD Graphics, No OS, Misty Grey','https://s13emagst.akamaized.net/products/83202/83201453/images/res_2f12ba2496188e09ce9283043b440cdd.jpg',6050.00,100,NULL,1,NULL,NULL,'2026-01-07 02:16:30.648737',NULL,'laptop-asus-expertbook-p1-p1503cva-cu-pr-7dfd8b',1,NULL),(252,'Laptop Gaming HP VICTUS 15-fa1033nn cu procesor Intel® Core™ i5-12500H pana la 4.5GHz','15.6\'\', Full HD, IPS, 16GB DDR4, 512GB SSD, NVIDIA® GeForce RTX™ 4060 8GB GDDR6, Free DOS, Ceramic White','https://s13emagst.akamaized.net/products/69250/69249957/images/res_16d6348597e3c95aa4bb4fd08c5c93b9.jpg',4699.99,100,NULL,1,NULL,NULL,'2026-01-07 02:16:30.649460',NULL,'laptop-gaming-hp-victus-15fa1033nn-cu-pr-0756fb',1,NULL),(253,'Laptop Lenovo IdeaPad Slim 3 15IAH8 cu procesor Intel® Core™ i5-12450H pana la 4.4 GHz','15.6\", Full HD, IPS, 16GB, 1TB SSD, Intel® UHD Graphics, No OS, Arctic Grey','https://s13emagst.akamaized.net/products/60900/60899658/images/res_368b54f11b1ab1396336bf7ba5e7a50f.jpg',3298.99,100,NULL,1,NULL,NULL,'2026-01-07 02:16:30.650156',NULL,'laptop-lenovo-ideapad-slim-3-15iah8-cu-p-267c17',1,NULL),(254,'Laptop Gaming Lenovo Legion 5 15IRX10 cu procesor Intel® Core i7-13650HX pana la 4.9GHz','15.1\" WQXGA, OLED, 165Hz, 16GB DDR5, 1TB SSD, NVIDIA® GeForce RTX™ 5050 8GB GDDR7, NO OS, Eclipse Black, 3y on-site Premium Care','https://s13emagst.akamaized.net/products/95386/95385059/images/res_07dba8c97424b9725c70b46c29236d37.jpg',5799.99,100,NULL,1,NULL,NULL,'2026-01-07 02:16:30.650964',NULL,'laptop-gaming-lenovo-legion-5-15irx10-cu-603d6e',1,NULL),(255,'Laptop Apple MacBook Air 13\"','cu procesor Apple M4, 10 nuclee CPU si 10 nuclee GPU, 16GB RAM, 512GB, Sky Blue, Tastatura Internationala, Manual RO','https://s13emagst.akamaized.net/products/88283/88282976/images/res_5c960c1dd00b776f0a71c8673e11eae5.jpg',6299.99,100,NULL,1,NULL,NULL,'2026-01-07 02:16:30.651592',NULL,'laptop-apple-macbook-air-13-986abf',1,NULL),(256,'Laptop ASUS VivoBook 17 X1704VA-AU056MXM cu procesor Intel® Core™ i7-1355U pana la 5.0 GHz','17.3\", Full HD, IPS, 24GB, 1TB SSD, Intel® Iris Xe Graphics, No, OS, Quiet Blue','https://s13emagst.akamaized.net/products/82519/82518509/images/res_92511ec36c994fbc302e49c811797efa.jpg',6292.00,100,NULL,1,NULL,NULL,'2026-01-07 02:16:30.652395',NULL,'laptop-asus-vivobook-17-x1704vaau056mxm--0c811b',1,NULL),(257,'Laptop Gaming ASUS ASUS TUF A15 FA506NCG cu procesor AMD Ryzen™ 7 7445HS pana la 4.7GHz','15.6\'\', Full HD, IPS, 144Hz, 16GB DDR5 RAM, 512GB SSD, NVIDIA® GeForce RTX™ 3050 4GB GDDR6, No OS, Graphite Black','https://s13emagst.akamaized.net/products/102548/102547107/images/res_a0dc6976450cb2a461d1ff1a440ab85a.jpg',5383.29,100,NULL,1,NULL,NULL,'2026-01-07 02:16:30.653276',NULL,'laptop-gaming-asus-asus-tuf-a15-fa506ncg-3f614d',1,NULL),(258,'Laptop ASUS Vivobook 15 X1502VA-BQ548MXM','Intel Core i7-13620H, 15.6 inch, RAM 32GB DDR4, SSD 1TB, Intel UHD Graphics, No OS, Quiet Blue','https://s13emagst.akamaized.net/products/89284/89283608/images/res_bf85747a90f3f309123218420a8b12a5.jpg',5808.00,100,NULL,1,NULL,NULL,'2026-01-07 02:16:30.653952',NULL,'laptop-asus-vivobook-15-x1502vabq548mxm-c53acd',1,NULL),(259,'Laptop Lenovo ThinkBook 16 G6 IRL cu procesor Intel® Core™ i5-1335U pana la 4.6 GHz','16\", WUXGA, IPS, 16GB, 1TB SSD, Intel UHD Graphics, No OS, Arctic Grey, 3Y Courier or Carry-in upgrade','https://s13emagst.akamaized.net/products/62857/62856992/images/res_ed638848ee55e07a7da30b230c187b3b.jpg',6776.00,100,NULL,1,NULL,NULL,'2026-01-07 02:16:30.654761',NULL,'laptop-lenovo-thinkbook-16-g6-irl-cu-pro-f69142',1,NULL),(260,'Laptop ASUS Vivobook 15 X1504VA cu procesor Intel® Core™ 5 120U pana la 5.0GHz','15.6\'\', Full HD, IPS, 16GB DDR4 RAM, 512GB SSD, Intel® Graphics, No OS, Quiet Blue','https://s13emagst.akamaized.net/products/100907/100906744/images/res_533d9ba1da028d7fd1f11f74acde76a3.jpg',2099.99,100,NULL,1,NULL,NULL,'2026-01-07 02:16:30.656047',NULL,'laptop-asus-vivobook-15-x1504va-cu-proce-f49fc5',1,NULL),(261,'Laptop Lenovo V15 G3 IAP cu procesor Intel® Core™ i3-1215U pana la 4.4 GHz','15.6\", Full HD, 8GB, 256GB SSD, Intel® UHD Graphics, No OS, Business Black, 3y Courier or Carry-in','https://s13emagst.akamaized.net/products/52746/52745309/images/res_b1bce11fff3c37e88c764683ec015542.jpg',2420.00,100,NULL,1,NULL,NULL,'2026-01-07 02:16:30.657652',NULL,'laptop-lenovo-v15-g3-iap-cu-procesor-int-54c638',1,NULL),(262,'Laptop ASUS Vivobook 16 X1605VA with processor Intel® Core™ i7-13700H pana la 5.0GHz','16\'\', WUXGA, IPS, 16GB DDR4, 512GB SSD, Intel Iris Xᵉ Graphics, No OS, Indie Black','https://s13emagst.akamaized.net/products/56878/56877967/images/res_ced8661944016dc6be955f602160b7b8.jpg',5808.00,100,NULL,1,NULL,NULL,'2026-01-07 02:16:30.658740',NULL,'laptop-asus-vivobook-16-x1605va-with-pro-189732',1,NULL),(263,'Laptop Gaming MSI Thin 15 B12VE cu procesor Intel® Core™ i5-12450H pana la 4.4GHz','15.6\'\', IPS, Full HD, 144Hz, 16GB DDR4 RAM, 1TB SSD, NVIDIA GeForce RTX 4050 6GB GDDR6, No OS, Cosmos Gray','https://s13emagst.akamaized.net/products/75347/75346923/images/res_c2168b82a7bd9ab0ac2ca1645b8b9160.jpg',3999.99,100,NULL,1,NULL,NULL,'2026-01-07 02:16:30.659571',NULL,'laptop-gaming-msi-thin-15-b12ve-cu-proce-d6bfbf',1,NULL),(264,'Laptop Gaming Lenovo Legion 5 15AHP10 cu procesor AMD Ryzen™ 7 260 pana la 5.1GHz','15.1\'\', WQXGA , OLED, 24GB DDR5, 1TB SSD, NVIDIA® GeForce RTX™ 5050 8GB GDDR7, No OS, Eclipse Black, 3y on-site Premium Care','https://s13emagst.akamaized.net/products/97173/97172778/images/res_fafd0073e6f06f5f7c43e265a104283d.jpg',6399.99,100,NULL,1,NULL,NULL,'2026-01-07 02:16:30.660464',NULL,'laptop-gaming-lenovo-legion-5-15ahp10-cu-e61d66',1,NULL),(265,'Laptop Acer Aspire Lite 15 AL15-72P-595Y cu procesor Intel® Core™ i5-13500H pana la 4.70 GHz','15,6\" Full HD, IPS, 16GB DDR5 RAM, 512GB SSD, Intel® UHD Graphics, No OS, Pure Silver','https://s13emagst.akamaized.net/products/100988/100987646/images/res_a608b3748df21c8a5ffec49eda0e24f8.jpg',2399.99,100,NULL,1,NULL,NULL,'2026-01-07 02:16:30.661296',NULL,'laptop-acer-aspire-lite-15-al1572p595y-c-bff1d3',1,NULL),(266,'Laptop Lenovo IdeaPad Slim 3 15AHP10 cu procesor AMD Ryzen™ 7 8840HS pana la 5.1GHz','15.3\" WUXGA, IPS, 16GB DDR5 RAM, 512GB SSD, AMD Radeon™ 780M, No OS, Luna Grey, Aluminiu','https://s13emagst.akamaized.net/products/92504/92503753/images/res_6e55c9b6aa214d68b9a3c5252baeb122.jpg',2699.99,100,NULL,1,NULL,NULL,'2026-01-07 02:16:30.661991',NULL,'laptop-lenovo-ideapad-slim-3-15ahp10-cu--dfc6c9',1,NULL),(267,'Laptop Lenovo IdeaPad 5 2-in-1 16AKP10 cu procesor AMD Ryzen™ AI 7 350 pana la 5.0GHz','16\" WUXGA, IPS, Touch, 16GB LPDDR5x RAM, 1TB SSD, AMD Radeon™ 860M Graphics, Windows® 11 Home, Cosmic Blue','https://s13emagst.akamaized.net/products/92844/92843193/images/res_60948521d031539b846699d5bedf3d34.jpg',4999.99,100,NULL,1,NULL,NULL,'2026-01-07 02:16:30.662673',NULL,'laptop-lenovo-ideapad-5-2in1-16akp10-cu--1ad198',1,NULL),(268,'Laptop HP 15-fc0031nq cu procesor AMD Ryzen™ 3 7320U pana la 4.10 GHz','15.6\", Full HD, 8GB LPDDR5, 256GB SSD, AMD Radeon™ 610M, Free DOS, Warm Gold','https://s13emagst.akamaized.net/products/53878/53877327/images/res_b3beae1e95adf63558f22abaef1ca7c4.jpg',1649.99,100,NULL,1,NULL,NULL,'2026-01-07 02:16:30.663496',NULL,'laptop-hp-15fc0031nq-cu-procesor-amd-ryz-b8c6ad',1,NULL),(269,'Laptop Lenovo V15 G4 IRU cu procesor Intel® Core™ i5-13420H pana la 4.6GHz','15.6\" Full HD, IPS, 16GB DDR4 RAM, 512GB SSD, Intel® UHD Graphics, No OS, Business Black','https://s13emagst.akamaized.net/products/62513/62512826/images/res_5ed5b3469e174c7ff8f4aee17b5d1435.jpg',2141.70,100,NULL,1,NULL,NULL,'2026-01-07 02:16:30.664307',NULL,'laptop-lenovo-v15-g4-iru-cu-procesor-int-4a1b1d',1,NULL),(270,'Laptop Gaming Lenovo Legion Pro 7 16AFR10H cu procesor AMD Ryzen™ 9 9955HX3D pana la 5.4GHz','16\" WQXGA, OLED, 240Hz, 64GB DDR5 RAM, 1TB SSD, NVIDIA® GeForce RTX™ 5080 16GB GDDR7, No OS, Eclipse Black','https://s13emagst.akamaized.net/products/105060/105059257/images/res_15f85ff0c84d3a033b3fc81070cbe621.jpg',16999.99,100,NULL,1,NULL,NULL,'2026-01-07 02:16:30.665013',NULL,'laptop-gaming-lenovo-legion-pro-7-16afr1-05ea34',1,NULL),(271,'Laptop Lenovo IdeaPad Slim 3 15IRH8 cu procesor Intel® Core™ i7-13620H pana la 4.9GHz','15.6\", Full HD, 16GB LPDDR5 RAM, 512GB SSD, Intel® UHD Graphics, No OS, Arctic Grey','https://s13emagst.akamaized.net/products/66307/66306845/images/res_e4c28c7b0f9d0ea424b97079bad01098.jpg',5082.00,100,NULL,1,NULL,NULL,'2026-01-07 02:16:30.665642',NULL,'laptop-lenovo-ideapad-slim-3-15irh8-cu-p-819922',1,NULL),(272,'Laptop ASUS Vivobook 15 X1502VA-BQ545MXM','Intel Core i7-13620H, 15.6 inch, RAM 32GB, SSD 512GB, Intel UHD Graphics, No OS, Quiet Blue','https://s13emagst.akamaized.net/products/89284/89283608/images/res_bf85747a90f3f309123218420a8b12a5.jpg',3345.65,100,NULL,1,NULL,NULL,'2026-01-07 02:16:30.666560',NULL,'laptop-asus-vivobook-15-x1502vabq545mxm-bea7a5',1,NULL),(273,'Laptop Apple MacBook Air 13\"','cu procesor Apple M4, 10 nuclee CPU si 10 nuclee GPU, 24GB RAM, 512GB, Midnight, Tastatura Internationala, Manual RO','https://s13emagst.akamaized.net/products/88283/88282977/images/res_a6c650c79a72885951461ac3b97b0380.jpg',7599.99,100,NULL,1,NULL,NULL,'2026-01-07 02:16:30.667442',NULL,'laptop-apple-macbook-air-13-b5029a',1,NULL),(274,'Laptop Lenovo IdeaPad 5 2-in-1 14IAL10 cu procesor Intel® Core™ Ultra 5 225H pana la 4.9GHz','14\'\', WUXGA, OLED, Touch, 16GB LPDDR5x RAM, 1TB SSD, Intel® Arc™ 130T, No OS, Cosmic Blue','https://s13emagst.akamaized.net/products/97173/97172824/images/res_8edd260e09be02302478e550cf0307e9.jpg',4349.99,100,NULL,1,NULL,NULL,'2026-01-07 02:16:30.668404',NULL,'laptop-lenovo-ideapad-5-2in1-14ial10-cu--d1f9b0',1,NULL),(275,'Laptop Lenovo IdeaPad Slim 5 15ARP10 cu procesor AMD Ryzen™ 7 7735HS pana la 4.75GHz','15.3\" WUXGA, IPS, 16GB LPDDR5x RAM, 512GB SSD, AMD Radeon™ 680M Graphics, No OS, Seafoam Green','https://s13emagst.akamaized.net/products/96346/96345321/images/res_397f6e99aec5d939c6f60e728f527837.jpg',2849.99,100,NULL,1,NULL,NULL,'2026-01-07 02:16:30.669716',NULL,'laptop-lenovo-ideapad-slim-5-15arp10-cu--3a92d4',1,NULL),(276,'Laptop Lenovo IdeaPad 3 17ALC6 cu procesor AMD Ryzen™ 7 5700U pana la 4.3 GHz','17.3\", Full HD, IPS, 12GB, 512GB SSD, AMD Radeon™ Graphics, No OS, Arctic Grey','https://s13emagst.akamaized.net/products/64317/64316455/images/res_543087cfc0398817a1ae30d5ab70baa9.jpg',5445.00,100,NULL,1,NULL,NULL,'2026-01-07 02:16:30.670841',NULL,'laptop-lenovo-ideapad-3-17alc6-cu-proces-c8fd7e',1,NULL),(277,'Laptop ASUS Vivobook 15 M1502YA cu procesor AMD Ryzen™ 5 7430U pana la 4.3 GHz','15.6\'\', Full HD, IPS, 8GB DDR4, 512GB SSD, AMD Radeon™ Graphics, No OS, Quiet Blue','https://s13emagst.akamaized.net/products/69097/69096365/images/res_8ede0853c7a040b5ef7d12ecff405de9.jpg',1899.99,100,NULL,1,NULL,NULL,'2026-01-07 02:16:30.671887',NULL,'laptop-asus-vivobook-15-m1502ya-cu-proce-5df5f3',1,NULL),(278,'Laptop Lenovo IdeaPad 3 17ABA7 cu procesor AMD Ryzen™ 5 5625U pana la 4.3GHz','17.3\" HD+, 16GB DDR4 RAM, 512GB SSD, No OS, AMD Radeon™ Graphics, Arctic Grey','https://s13emagst.akamaized.net/products/49468/49467829/images/res_e614964e77fb89e1a2bbc074ebb6a86d.jpg',2149.99,100,NULL,1,NULL,NULL,'2026-01-07 02:16:30.673110',NULL,'laptop-lenovo-ideapad-3-17aba7-cu-proces-e4b1d2',1,NULL),(279,'Laptop Gaming ASUS TUF A15 cu procesor AMD Ryzen™ 5 7535HS pana la 4.55GHz','15.6\'\', Full HD, 144Hz, IPS, 16GB DDR5 RAM, 512GB SSD, NVIDIA® GeForce RTX™ 2050 4GB GDDR6, No OS, Graphite Black','https://s13emagst.akamaized.net/products/64569/64568848/images/res_c2506fcd35ade3b39aadcd1ace4f3508.jpg',4235.00,100,NULL,1,NULL,NULL,'2026-01-07 02:16:30.674640',NULL,'laptop-gaming-asus-tuf-a15-cu-procesor-a-508b53',1,NULL),(280,'Laptop Lenovo ThinkBook 16 G6 IRL cu procesor Intel® Core™ i5-1335U pana la 4.6Ghz','16\" WUXGA, IPS, 16GB DDR5, 512GB SSD, Intel® Iris® Xe Graphics, No OS, Arctic Grey, 3y Courier or Carry-in','https://s13emagst.akamaized.net/products/62857/62856992/images/res_ed638848ee55e07a7da30b230c187b3b.jpg',8107.00,100,NULL,1,NULL,NULL,'2026-01-07 02:16:30.675621',NULL,'laptop-lenovo-thinkbook-16-g6-irl-cu-pro-ff72c7',1,NULL),(281,'Laptop Lenovo IdeaPad Slim 3 15IAH8 cu procesor Intel® Core™ i5-12450H pana la 4.4 GHz','15.6\", Full HD, 8GB, 512GB SSD, Intel® UHD Graphics, No OS, Arctic Grey','https://s13emagst.akamaized.net/products/60900/60899658/images/res_368b54f11b1ab1396336bf7ba5e7a50f.jpg',2964.50,100,NULL,1,NULL,NULL,'2026-01-07 02:16:30.676366',NULL,'laptop-lenovo-ideapad-slim-3-15iah8-cu-p-b626d6',1,NULL),(282,'Laptop Acer Travelmate P416-52 cu procesor Intel Core i7-1355U','16\", WUXGA, 16GB RAM, 1TB SSD, Windows 11 Pro, Slate Blue','https://s13emagst.akamaized.net/products/112671/112670871/images/res_88b712bf6d5fb8af410d53cba4536511.png',3098.89,100,NULL,1,NULL,NULL,'2026-01-07 02:16:30.677225',NULL,'laptop-acer-travelmate-p41652-cu-proceso-eefd05',1,NULL),(283,'Laptop ASUS Vivobook 15 A1502VA cu procesor Intel® Core™ i5-13420H pana la 4.6GHz','15.6\'\', Full HD, IPS, 16GB DDR4 RAM, 512GB SSD, Intel® UHD Graphics, No OS, Quiet Blue','https://s13emagst.akamaized.net/products/71535/71534193/images/res_dfbfff394383838d66795aa5c9cdb3ec.jpg',2699.99,100,NULL,1,NULL,NULL,'2026-01-07 02:16:30.677961',NULL,'laptop-asus-vivobook-15-a1502va-cu-proce-a26d0c',1,NULL),(284,'Laptop 15.6\" cu procesor Intel Alder Lake N95','16GB RAM, 512GB SSD, 1920*1080 FHD, Windows 11 Pro, Intel® UHD Graphics 600, 5GHz Wifi, 5000mAh, Argintiu','https://s13emagst.akamaized.net/products/100505/100504073/images/res_c629a375a88b6a408c073b420ad36584.jpg',1499.19,100,NULL,1,NULL,NULL,'2026-01-07 02:16:30.678660',NULL,'laptop-156-cu-procesor-intel-alder-lake--6f7e5a',1,NULL),(285,'Laptop Gaming Lenovo LOQ 15IAX9E cu procesor Intel® Core™ i5-12450HX pana la 4.4GHz','15.6\" Full HD, IPS, 144Hz, 16GB DDR5 RAM, 1TB SSD, NVIDIA® GeForce RTX™ 2050 4GB GDDR6, No OS, Luna Grey','https://s13emagst.akamaized.net/products/83409/83408974/images/res_93f9d0a7257fc7ca97c2cddfa3bacc51.jpg',4477.00,100,NULL,1,NULL,NULL,'2026-01-07 02:16:30.679458',NULL,'laptop-gaming-lenovo-loq-15iax9e-cu-proc-297d64',1,NULL),(286,'Laptop Lenovo V15-ADA cu procesor AMD Ryzen 5 3500U pana la 3.70 GHz','15.6\", Full HD, 8GB, 512GB SSD, Radeon Vega Graphics, Free DOS, Iron Grey','https://s13emagst.akamaized.net/products/30757/30756951/images/res_d4534007e71af3ffd39fb0d6d7d5ec91.jpg',3146.00,100,NULL,1,NULL,NULL,'2026-01-07 02:16:30.680317',NULL,'laptop-lenovo-v15ada-cu-procesor-amd-ryz-77b35b',1,NULL),(287,'Laptop ASUS Vivobook Go 15 E510KA cu procesor Intel® Celeron® N4500 pana la 2.8GHz','15.6\'\', Full HD, 8GB DDR4 RAM, 512GB SSD, Intel® HD Graphics, No OS, Peacock Blue','https://s13emagst.akamaized.net/products/100907/100906729/images/res_3266c6c8c3fc2b4fe7e04859626e7ae6.png',1299.99,100,NULL,1,NULL,NULL,'2026-01-07 02:16:30.681008',NULL,'laptop-asus-vivobook-go-15-e510ka-cu-pro-c117b6',1,NULL),(288,'Laptop Lenovo ThinkBook 15 G2 ITL cu procesor Intel® Core™ i7-1165G7 pana la 4.70 GHz','15.6\", Full HD, IPS, 16GB, 512GB SSD, Intel® Iris® Xe Graphics, No OS, Mineral Grey','https://s13emagst.akamaized.net/products/36189/36188113/images/res_011b01362f22c5e9d89a070c57ce94db.jpg',6534.00,100,NULL,1,NULL,NULL,'2026-01-07 02:16:30.681751',NULL,'laptop-lenovo-thinkbook-15-g2-itl-cu-pro-97b781',1,NULL),(289,'Laptop ASUS 15.6\'\' Vivobook 15 X1502VA','FHD, Procesor Intel® Core™ i7-13620H (24M Cache, up to 4.90 GHz), 10 cores, 24GB DDR4, 500 GB SSD, Intel UHD, No OS, Quiet Blue','https://s13emagst.akamaized.net/products/85160/85159776/images/res_db5cea6c70fd059ab3817f7b0507afa6.jpg',4584.99,100,NULL,1,NULL,NULL,'2026-01-07 02:16:30.682426',NULL,'laptop-asus-156-vivobook-15-x1502va-46976b',1,NULL),(290,'Laptop 14\" cu procesor Intel Celeron N4120','8GB RAM, 512GB SSD, 1920*1080 FHD, Windows 11 Pro, Intel® UHD Graphics 600, 5GHz Wifi, 5000mAh, Argintiu','https://s13emagst.akamaized.net/products/100505/100504061/images/res_9ebf4d05779d19e8b4e0b5233460bb39.jpg',1399.00,100,NULL,1,NULL,NULL,'2026-01-07 02:16:30.682980',NULL,'laptop-14-cu-procesor-intel-celeron-n412-6e8b14',1,NULL),(291,'Notebook Gaming GIGABYTE A16','3VHK3EE893SD, 16\", AMD Ryzen 7 260, NVIDIA GeForce RTX 5060 (8GB GDDR7), 16GB 4800MHz (1x16GB) DDR5, WIFI6E, 512GB SSD','https://s13emagst.akamaized.net/products/100457/100456474/images/res_04583bf95e1b17a3b7a3841ec0d000ab.jpg',5602.99,100,NULL,1,NULL,NULL,'2026-01-07 02:16:30.683537',NULL,'notebook-gaming-gigabyte-a16-6cc511',1,NULL),(292,'Laptop Microsoft Surface Pro 11 cu procesor Qualcomm® Snapdragon® X Plus pana la 3.4GHz','13\'\', 2.8K, 16GB DDR5 RAM, 512GB SSD, Qualcomm® Adreno™ GPU, Windows 11 Home, Black','https://s13emagst.akamaized.net/products/82776/82775501/images/res_b664ee0f99291d56df69b7cb253c1d24.jpg',6836.50,100,NULL,1,NULL,NULL,'2026-01-07 02:16:30.684229',NULL,'laptop-microsoft-surface-pro-11-cu-proce-ecf199',1,NULL),(293,'Laptop Lenovo IdeaPad Slim 3 15IRH10 cu procesor Intel® Core™ i7-13620H pana la 4.9GHz','15.3\" WUXGA, IPS, 16GB DDR5 RAM, 1TB SSD, Intel® UHD Graphics, No OS, METAL, Cosmic Blue','https://s13emagst.akamaized.net/products/92504/92503752/images/res_f3af38a60ad840f598cda610d92185d6.jpg',3049.99,100,NULL,1,NULL,NULL,'2026-01-07 02:16:30.685106',NULL,'laptop-lenovo-ideapad-slim-3-15irh10-cu--56942d',1,NULL),(294,'Laptop Lenovo ThinkBook 16 G6 IRL cu procesor Intel® Core™ i7 -13700H pana la 5.0GHz','16\", WUXGA, IPS, 16GB DDR5, 1TB SSD, Intel® UHD Graphics, No OS, Arctic Grey, 3Y Courier or Carry-in upgrade','https://s13emagst.akamaized.net/products/63836/63835921/images/res_1136d626366098214285d81799f62ea1.jpg',6050.00,100,NULL,1,NULL,NULL,'2026-01-07 02:16:30.686062',NULL,'laptop-lenovo-thinkbook-16-g6-irl-cu-pro-de811a',1,NULL),(295,'Laptop Lenovo IdeaPad 3 17IAU7 cu procesor Intel® Core™ i5-1235U pana la 4.4 GHz','17.3\", HD+, 16GB, 512GB SSD, Intel® Iris® Xe Graphics, No OS, Arctic Grey','https://s13emagst.akamaized.net/products/64317/64316454/images/res_ac8b79ea2adf6d924695e2af3b2affd0.jpg',4114.00,100,NULL,1,NULL,NULL,'2026-01-07 02:16:30.687002',NULL,'laptop-lenovo-ideapad-3-17iau7-cu-proces-aef678',1,NULL),(296,'Laptop ASUS Vivobook 15 A1502VA cu procesor Intel® Core™ i7-13620H pana la 4.9GHz','15.6\'\', Full HD, IPS, 16GB DDR4 RAM, 512GB SSD, Intel® UHD Graphics, No OS, Quiet Blue','https://s13emagst.akamaized.net/products/88289/88288262/images/res_03d6571b93a32c3e4c84eabec24fa0b1.jpg',4356.00,100,NULL,1,NULL,NULL,'2026-01-07 02:16:30.688016',NULL,'laptop-asus-vivobook-15-a1502va-cu-proce-dd8ca4',1,NULL),(297,'Laptop Lenovo Gaming Legion Pro 5 16IRX10 cu procesor Intel® Core™ i9-14900HX pana la 5.8GHz','16\" WQXGA, IPS, 240Hz, 32GB DDR5 RAM, 1TB SSD, NVIDIA® GeForce RTX™ 5060 8GB GDDR7, No OS, Eclipse Black, 3y on-site Premium Care','https://s13emagst.akamaized.net/products/97173/97172826/images/res_1018d8d9667c76df07b5a80843e4d290.jpg',9075.00,100,NULL,1,NULL,NULL,'2026-01-07 02:16:30.689054',NULL,'laptop-lenovo-gaming-legion-pro-5-16irx1-6d2ddb',1,NULL);
/*!40000 ALTER TABLE `Products` ENABLE KEYS */;
UNLOCK TABLES;

--
-- Table structure for table `Reviews`
--

DROP TABLE IF EXISTS `Reviews`;
/*!40101 SET @saved_cs_client     = @@character_set_client */;
/*!50503 SET character_set_client = utf8mb4 */;
CREATE TABLE `Reviews` (
  `Id` int NOT NULL AUTO_INCREMENT,
  `Text` varchar(1000) CHARACTER SET utf8mb4 COLLATE utf8mb4_0900_ai_ci DEFAULT NULL,
  `Rating` int DEFAULT NULL,
  `CreatedAt` datetime(6) NOT NULL,
  `UpdatedAt` datetime(6) DEFAULT NULL,
  `ProductId` int NOT NULL,
  `UserId` varchar(255) CHARACTER SET utf8mb4 COLLATE utf8mb4_0900_ai_ci NOT NULL,
  PRIMARY KEY (`Id`),
  KEY `IX_Reviews_ProductId` (`ProductId`),
  KEY `IX_Reviews_UserId` (`UserId`),
  CONSTRAINT `FK_Reviews_AspNetUsers_UserId` FOREIGN KEY (`UserId`) REFERENCES `AspNetUsers` (`Id`) ON DELETE CASCADE,
  CONSTRAINT `FK_Reviews_Products_ProductId` FOREIGN KEY (`ProductId`) REFERENCES `Products` (`Id`) ON DELETE CASCADE
) ENGINE=InnoDB DEFAULT CHARSET=utf8mb4 COLLATE=utf8mb4_0900_ai_ci;
/*!40101 SET character_set_client = @saved_cs_client */;

--
-- Dumping data for table `Reviews`
--

LOCK TABLES `Reviews` WRITE;
/*!40000 ALTER TABLE `Reviews` DISABLE KEYS */;
/*!40000 ALTER TABLE `Reviews` ENABLE KEYS */;
UNLOCK TABLES;

--
-- Table structure for table `WishlistItems`
--

DROP TABLE IF EXISTS `WishlistItems`;
/*!40101 SET @saved_cs_client     = @@character_set_client */;
/*!50503 SET character_set_client = utf8mb4 */;
CREATE TABLE `WishlistItems` (
  `Id` int NOT NULL AUTO_INCREMENT,
  `AddedAt` datetime(6) NOT NULL,
  `UserId` varchar(255) CHARACTER SET utf8mb4 COLLATE utf8mb4_0900_ai_ci NOT NULL,
  `ProductId` int NOT NULL,
  PRIMARY KEY (`Id`),
  UNIQUE KEY `IX_WishlistItems_UserId_ProductId` (`UserId`,`ProductId`),
  KEY `IX_WishlistItems_ProductId` (`ProductId`),
  CONSTRAINT `FK_WishlistItems_AspNetUsers_UserId` FOREIGN KEY (`UserId`) REFERENCES `AspNetUsers` (`Id`) ON DELETE CASCADE,
  CONSTRAINT `FK_WishlistItems_Products_ProductId` FOREIGN KEY (`ProductId`) REFERENCES `Products` (`Id`) ON DELETE CASCADE
) ENGINE=InnoDB DEFAULT CHARSET=utf8mb4 COLLATE=utf8mb4_0900_ai_ci;
/*!40101 SET character_set_client = @saved_cs_client */;

--
-- Dumping data for table `WishlistItems`
--

LOCK TABLES `WishlistItems` WRITE;
/*!40000 ALTER TABLE `WishlistItems` DISABLE KEYS */;
/*!40000 ALTER TABLE `WishlistItems` ENABLE KEYS */;
UNLOCK TABLES;
/*!40103 SET TIME_ZONE=@OLD_TIME_ZONE */;

/*!40101 SET SQL_MODE=@OLD_SQL_MODE */;
/*!40014 SET FOREIGN_KEY_CHECKS=@OLD_FOREIGN_KEY_CHECKS */;
/*!40014 SET UNIQUE_CHECKS=@OLD_UNIQUE_CHECKS */;
/*!40101 SET CHARACTER_SET_CLIENT=@OLD_CHARACTER_SET_CLIENT */;
/*!40101 SET CHARACTER_SET_RESULTS=@OLD_CHARACTER_SET_RESULTS */;
/*!40101 SET COLLATION_CONNECTION=@OLD_COLLATION_CONNECTION */;
/*!40111 SET SQL_NOTES=@OLD_SQL_NOTES */;

-- Dump completed on 2026-01-07  2:27:36
